PRAGMA foreign_keys=OFF;
BEGIN TRANSACTION;
CREATE TABLE IF NOT EXISTS "schema_migrations" ("version" varchar NOT NULL PRIMARY KEY);
INSERT INTO schema_migrations VALUES('20211126134751');
INSERT INTO schema_migrations VALUES('20211126135252');
INSERT INTO schema_migrations VALUES('20211126135858');
INSERT INTO schema_migrations VALUES('20211126140341');
INSERT INTO schema_migrations VALUES('20211127070057');
INSERT INTO schema_migrations VALUES('20211129095234');
INSERT INTO schema_migrations VALUES('20211129115002');
INSERT INTO schema_migrations VALUES('20211129135308');
INSERT INTO schema_migrations VALUES('20211129163624');
INSERT INTO schema_migrations VALUES('20211129163912');
INSERT INTO schema_migrations VALUES('20211130095009');
INSERT INTO schema_migrations VALUES('20211130101032');
INSERT INTO schema_migrations VALUES('20211130103742');
INSERT INTO schema_migrations VALUES('20211202101151');
INSERT INTO schema_migrations VALUES('20211202111648');
INSERT INTO schema_migrations VALUES('20211203104917');
INSERT INTO schema_migrations VALUES('20211205043950');
INSERT INTO schema_migrations VALUES('20211205080952');
INSERT INTO schema_migrations VALUES('20211206110859');
INSERT INTO schema_migrations VALUES('20211207115835');
INSERT INTO schema_migrations VALUES('20211207133057');
INSERT INTO schema_migrations VALUES('20211207134951');
INSERT INTO schema_migrations VALUES('20211209133929');
INSERT INTO schema_migrations VALUES('20211216055411');
INSERT INTO schema_migrations VALUES('20211216060058');
INSERT INTO schema_migrations VALUES('20211216171330');
INSERT INTO schema_migrations VALUES('20211216171537');
INSERT INTO schema_migrations VALUES('20211216171606');
INSERT INTO schema_migrations VALUES('20211216171948');
INSERT INTO schema_migrations VALUES('20211216172250');
INSERT INTO schema_migrations VALUES('20211221071233');
INSERT INTO schema_migrations VALUES('20211227123351');
INSERT INTO schema_migrations VALUES('20211227124450');
INSERT INTO schema_migrations VALUES('20211227141123');
INSERT INTO schema_migrations VALUES('20211230123522');
INSERT INTO schema_migrations VALUES('20211231060041');
INSERT INTO schema_migrations VALUES('20220102132102');
INSERT INTO schema_migrations VALUES('20220102132244');
INSERT INTO schema_migrations VALUES('20220103095531');
CREATE TABLE IF NOT EXISTS "ar_internal_metadata" ("key" varchar NOT NULL PRIMARY KEY, "value" varchar, "created_at" datetime(6) NOT NULL, "updated_at" datetime(6) NOT NULL);
INSERT INTO ar_internal_metadata VALUES('environment','development','2021-11-26 13:54:07.331181','2021-11-26 13:54:07.331181');
CREATE TABLE IF NOT EXISTS "notification_belongs" ("id" integer PRIMARY KEY AUTOINCREMENT NOT NULL, "readed" boolean, "user_id" integer NOT NULL, "notification_id" integer NOT NULL, "created_at" datetime(6) NOT NULL, "updated_at" datetime(6) NOT NULL, CONSTRAINT "fk_rails_1808756f8c"
FOREIGN KEY ("user_id")
  REFERENCES "users" ("id")
, CONSTRAINT "fk_rails_cd784d50c1"
FOREIGN KEY ("notification_id")
  REFERENCES "notifications" ("id")
);
INSERT INTO notification_belongs VALUES(411,1,4,143,'2021-12-22 17:07:10.102656','2021-12-22 17:07:24.174737');
INSERT INTO notification_belongs VALUES(32573,0,4,4190,'2021-12-27 13:33:00.718807','2021-12-27 13:33:00.718807');
INSERT INTO notification_belongs VALUES(32574,0,6,4190,'2021-12-27 13:33:00.718807','2021-12-27 13:33:00.718807');
INSERT INTO notification_belongs VALUES(32575,0,7,4190,'2021-12-27 13:33:00.718807','2021-12-27 13:33:00.718807');
INSERT INTO notification_belongs VALUES(32576,0,8,4190,'2021-12-27 13:33:00.718807','2021-12-27 13:33:00.718807');
INSERT INTO notification_belongs VALUES(32577,0,9,4190,'2021-12-27 13:33:00.718807','2021-12-27 13:33:00.718807');
INSERT INTO notification_belongs VALUES(32578,0,10,4190,'2021-12-27 13:33:00.718807','2021-12-27 13:33:00.718807');
INSERT INTO notification_belongs VALUES(32579,0,11,4190,'2021-12-27 13:33:00.718807','2021-12-27 13:33:00.718807');
INSERT INTO notification_belongs VALUES(32580,0,12,4190,'2021-12-27 13:33:00.718807','2021-12-27 13:33:00.718807');
INSERT INTO notification_belongs VALUES(32581,0,4,4191,'2021-12-27 13:33:00.872848','2021-12-27 13:33:00.872848');
INSERT INTO notification_belongs VALUES(32582,0,6,4191,'2021-12-27 13:33:00.872848','2021-12-27 13:33:00.872848');
INSERT INTO notification_belongs VALUES(32583,0,7,4191,'2021-12-27 13:33:00.872848','2021-12-27 13:33:00.872848');
INSERT INTO notification_belongs VALUES(32584,0,8,4191,'2021-12-27 13:33:00.872848','2021-12-27 13:33:00.872848');
INSERT INTO notification_belongs VALUES(32585,0,9,4191,'2021-12-27 13:33:00.872848','2021-12-27 13:33:00.872848');
INSERT INTO notification_belongs VALUES(32586,0,10,4191,'2021-12-27 13:33:00.872848','2021-12-27 13:33:00.872848');
INSERT INTO notification_belongs VALUES(32587,0,11,4191,'2021-12-27 13:33:00.872848','2021-12-27 13:33:00.872848');
INSERT INTO notification_belongs VALUES(32588,0,12,4191,'2021-12-27 13:33:00.872848','2021-12-27 13:33:00.872848');
INSERT INTO notification_belongs VALUES(32589,0,4,4192,'2021-12-27 13:33:00.902839','2021-12-27 13:33:00.902839');
INSERT INTO notification_belongs VALUES(32590,0,6,4192,'2021-12-27 13:33:00.902839','2021-12-27 13:33:00.902839');
INSERT INTO notification_belongs VALUES(32591,0,7,4192,'2021-12-27 13:33:00.902839','2021-12-27 13:33:00.902839');
INSERT INTO notification_belongs VALUES(32592,0,8,4192,'2021-12-27 13:33:00.902839','2021-12-27 13:33:00.902839');
INSERT INTO notification_belongs VALUES(32593,0,9,4192,'2021-12-27 13:33:00.902839','2021-12-27 13:33:00.902839');
INSERT INTO notification_belongs VALUES(32594,0,10,4192,'2021-12-27 13:33:00.902839','2021-12-27 13:33:00.902839');
INSERT INTO notification_belongs VALUES(32595,0,11,4192,'2021-12-27 13:33:00.902839','2021-12-27 13:33:00.902839');
INSERT INTO notification_belongs VALUES(32596,0,12,4192,'2021-12-27 13:33:00.902839','2021-12-27 13:33:00.902839');
INSERT INTO notification_belongs VALUES(32797,0,4,4218,'2021-12-27 13:33:02.881551','2021-12-27 13:33:02.881551');
INSERT INTO notification_belongs VALUES(32798,0,6,4218,'2021-12-27 13:33:02.881551','2021-12-27 13:33:02.881551');
INSERT INTO notification_belongs VALUES(32799,0,7,4218,'2021-12-27 13:33:02.881551','2021-12-27 13:33:02.881551');
INSERT INTO notification_belongs VALUES(32800,0,8,4218,'2021-12-27 13:33:02.881551','2021-12-27 13:33:02.881551');
INSERT INTO notification_belongs VALUES(32801,0,9,4218,'2021-12-27 13:33:02.881551','2021-12-27 13:33:02.881551');
INSERT INTO notification_belongs VALUES(32802,0,10,4218,'2021-12-27 13:33:02.881551','2021-12-27 13:33:02.881551');
INSERT INTO notification_belongs VALUES(32803,0,11,4218,'2021-12-27 13:33:02.881551','2021-12-27 13:33:02.881551');
INSERT INTO notification_belongs VALUES(32804,0,12,4218,'2021-12-27 13:33:02.881551','2021-12-27 13:33:02.881551');
INSERT INTO notification_belongs VALUES(32805,0,4,4219,'2021-12-27 13:33:02.922208','2021-12-27 13:33:02.922208');
INSERT INTO notification_belongs VALUES(32806,0,6,4219,'2021-12-27 13:33:02.922208','2021-12-27 13:33:02.922208');
INSERT INTO notification_belongs VALUES(32807,0,7,4219,'2021-12-27 13:33:02.922208','2021-12-27 13:33:02.922208');
INSERT INTO notification_belongs VALUES(32808,0,8,4219,'2021-12-27 13:33:02.922208','2021-12-27 13:33:02.922208');
INSERT INTO notification_belongs VALUES(32809,0,9,4219,'2021-12-27 13:33:02.922208','2021-12-27 13:33:02.922208');
INSERT INTO notification_belongs VALUES(32810,0,10,4219,'2021-12-27 13:33:02.922208','2021-12-27 13:33:02.922208');
INSERT INTO notification_belongs VALUES(32811,0,11,4219,'2021-12-27 13:33:02.922208','2021-12-27 13:33:02.922208');
INSERT INTO notification_belongs VALUES(32812,0,12,4219,'2021-12-27 13:33:02.922208','2021-12-27 13:33:02.922208');
INSERT INTO notification_belongs VALUES(32813,0,4,4220,'2021-12-27 13:33:02.952730','2021-12-27 13:33:02.952730');
INSERT INTO notification_belongs VALUES(32814,0,6,4220,'2021-12-27 13:33:02.952730','2021-12-27 13:33:02.952730');
INSERT INTO notification_belongs VALUES(32815,0,7,4220,'2021-12-27 13:33:02.952730','2021-12-27 13:33:02.952730');
INSERT INTO notification_belongs VALUES(32816,0,8,4220,'2021-12-27 13:33:02.952730','2021-12-27 13:33:02.952730');
INSERT INTO notification_belongs VALUES(32817,0,9,4220,'2021-12-27 13:33:02.952730','2021-12-27 13:33:02.952730');
INSERT INTO notification_belongs VALUES(32818,0,10,4220,'2021-12-27 13:33:02.952730','2021-12-27 13:33:02.952730');
INSERT INTO notification_belongs VALUES(32819,0,11,4220,'2021-12-27 13:33:02.952730','2021-12-27 13:33:02.952730');
INSERT INTO notification_belongs VALUES(32820,0,12,4220,'2021-12-27 13:33:02.952730','2021-12-27 13:33:02.952730');
INSERT INTO notification_belongs VALUES(32869,0,4,4227,'2021-12-27 13:33:03.347502','2021-12-27 13:33:03.347502');
INSERT INTO notification_belongs VALUES(32870,0,6,4227,'2021-12-27 13:33:03.347502','2021-12-27 13:33:03.347502');
INSERT INTO notification_belongs VALUES(32871,0,7,4227,'2021-12-27 13:33:03.347502','2021-12-27 13:33:03.347502');
INSERT INTO notification_belongs VALUES(32872,0,8,4227,'2021-12-27 13:33:03.347502','2021-12-27 13:33:03.347502');
INSERT INTO notification_belongs VALUES(32873,0,9,4227,'2021-12-27 13:33:03.347502','2021-12-27 13:33:03.347502');
INSERT INTO notification_belongs VALUES(32874,0,10,4227,'2021-12-27 13:33:03.347502','2021-12-27 13:33:03.347502');
INSERT INTO notification_belongs VALUES(32875,0,11,4227,'2021-12-27 13:33:03.347502','2021-12-27 13:33:03.347502');
INSERT INTO notification_belongs VALUES(32876,0,12,4227,'2021-12-27 13:33:03.347502','2021-12-27 13:33:03.347502');
INSERT INTO notification_belongs VALUES(32877,0,4,4228,'2021-12-27 13:33:03.379648','2021-12-27 13:33:03.379648');
INSERT INTO notification_belongs VALUES(32878,0,6,4228,'2021-12-27 13:33:03.379648','2021-12-27 13:33:03.379648');
INSERT INTO notification_belongs VALUES(32879,0,7,4228,'2021-12-27 13:33:03.379648','2021-12-27 13:33:03.379648');
INSERT INTO notification_belongs VALUES(32880,0,8,4228,'2021-12-27 13:33:03.379648','2021-12-27 13:33:03.379648');
INSERT INTO notification_belongs VALUES(32881,0,9,4228,'2021-12-27 13:33:03.379648','2021-12-27 13:33:03.379648');
INSERT INTO notification_belongs VALUES(32882,0,10,4228,'2021-12-27 13:33:03.379648','2021-12-27 13:33:03.379648');
INSERT INTO notification_belongs VALUES(32883,0,11,4228,'2021-12-27 13:33:03.379648','2021-12-27 13:33:03.379648');
INSERT INTO notification_belongs VALUES(32884,0,12,4228,'2021-12-27 13:33:03.379648','2021-12-27 13:33:03.379648');
INSERT INTO notification_belongs VALUES(32885,0,4,4229,'2021-12-27 13:33:03.410266','2021-12-27 13:33:03.410266');
INSERT INTO notification_belongs VALUES(32886,0,6,4229,'2021-12-27 13:33:03.410266','2021-12-27 13:33:03.410266');
INSERT INTO notification_belongs VALUES(32887,0,7,4229,'2021-12-27 13:33:03.410266','2021-12-27 13:33:03.410266');
INSERT INTO notification_belongs VALUES(32888,0,8,4229,'2021-12-27 13:33:03.410266','2021-12-27 13:33:03.410266');
INSERT INTO notification_belongs VALUES(32889,0,9,4229,'2021-12-27 13:33:03.410266','2021-12-27 13:33:03.410266');
INSERT INTO notification_belongs VALUES(32890,0,10,4229,'2021-12-27 13:33:03.410266','2021-12-27 13:33:03.410266');
INSERT INTO notification_belongs VALUES(32891,0,11,4229,'2021-12-27 13:33:03.410266','2021-12-27 13:33:03.410266');
INSERT INTO notification_belongs VALUES(32892,0,12,4229,'2021-12-27 13:33:03.410266','2021-12-27 13:33:03.410266');
INSERT INTO notification_belongs VALUES(32925,0,4,4234,'2021-12-27 13:33:03.707121','2021-12-27 13:33:03.707121');
INSERT INTO notification_belongs VALUES(32926,0,6,4234,'2021-12-27 13:33:03.707121','2021-12-27 13:33:03.707121');
INSERT INTO notification_belongs VALUES(32927,0,7,4234,'2021-12-27 13:33:03.707121','2021-12-27 13:33:03.707121');
INSERT INTO notification_belongs VALUES(32928,0,8,4234,'2021-12-27 13:33:03.707121','2021-12-27 13:33:03.707121');
INSERT INTO notification_belongs VALUES(32929,0,9,4234,'2021-12-27 13:33:03.707121','2021-12-27 13:33:03.707121');
INSERT INTO notification_belongs VALUES(32930,0,10,4234,'2021-12-27 13:33:03.707121','2021-12-27 13:33:03.707121');
INSERT INTO notification_belongs VALUES(32931,0,11,4234,'2021-12-27 13:33:03.707121','2021-12-27 13:33:03.707121');
INSERT INTO notification_belongs VALUES(32932,0,12,4234,'2021-12-27 13:33:03.707121','2021-12-27 13:33:03.707121');
INSERT INTO notification_belongs VALUES(32933,0,4,4235,'2021-12-27 13:33:03.743235','2021-12-27 13:33:03.743235');
INSERT INTO notification_belongs VALUES(32934,0,6,4235,'2021-12-27 13:33:03.743235','2021-12-27 13:33:03.743235');
INSERT INTO notification_belongs VALUES(32935,0,7,4235,'2021-12-27 13:33:03.743235','2021-12-27 13:33:03.743235');
INSERT INTO notification_belongs VALUES(32936,0,8,4235,'2021-12-27 13:33:03.743235','2021-12-27 13:33:03.743235');
INSERT INTO notification_belongs VALUES(32937,0,9,4235,'2021-12-27 13:33:03.743235','2021-12-27 13:33:03.743235');
INSERT INTO notification_belongs VALUES(32938,0,10,4235,'2021-12-27 13:33:03.743235','2021-12-27 13:33:03.743235');
INSERT INTO notification_belongs VALUES(32939,0,11,4235,'2021-12-27 13:33:03.743235','2021-12-27 13:33:03.743235');
INSERT INTO notification_belongs VALUES(32940,0,12,4235,'2021-12-27 13:33:03.743235','2021-12-27 13:33:03.743235');
INSERT INTO notification_belongs VALUES(32989,0,4,4242,'2021-12-27 13:33:04.329742','2021-12-27 13:33:04.329742');
INSERT INTO notification_belongs VALUES(32990,0,6,4242,'2021-12-27 13:33:04.329742','2021-12-27 13:33:04.329742');
INSERT INTO notification_belongs VALUES(32991,0,7,4242,'2021-12-27 13:33:04.329742','2021-12-27 13:33:04.329742');
INSERT INTO notification_belongs VALUES(32992,0,8,4242,'2021-12-27 13:33:04.329742','2021-12-27 13:33:04.329742');
INSERT INTO notification_belongs VALUES(32993,0,9,4242,'2021-12-27 13:33:04.329742','2021-12-27 13:33:04.329742');
INSERT INTO notification_belongs VALUES(32994,0,10,4242,'2021-12-27 13:33:04.329742','2021-12-27 13:33:04.329742');
INSERT INTO notification_belongs VALUES(32995,0,11,4242,'2021-12-27 13:33:04.329742','2021-12-27 13:33:04.329742');
INSERT INTO notification_belongs VALUES(32996,0,12,4242,'2021-12-27 13:33:04.329742','2021-12-27 13:33:04.329742');
INSERT INTO notification_belongs VALUES(33013,0,4,4245,'2021-12-27 13:33:04.657646','2021-12-27 13:33:04.657646');
INSERT INTO notification_belongs VALUES(33014,0,6,4245,'2021-12-27 13:33:04.657646','2021-12-27 13:33:04.657646');
INSERT INTO notification_belongs VALUES(33015,0,7,4245,'2021-12-27 13:33:04.657646','2021-12-27 13:33:04.657646');
INSERT INTO notification_belongs VALUES(33016,0,8,4245,'2021-12-27 13:33:04.657646','2021-12-27 13:33:04.657646');
INSERT INTO notification_belongs VALUES(33017,0,9,4245,'2021-12-27 13:33:04.657646','2021-12-27 13:33:04.657646');
INSERT INTO notification_belongs VALUES(33018,0,10,4245,'2021-12-27 13:33:04.657646','2021-12-27 13:33:04.657646');
INSERT INTO notification_belongs VALUES(33019,0,11,4245,'2021-12-27 13:33:04.657646','2021-12-27 13:33:04.657646');
INSERT INTO notification_belongs VALUES(33020,0,12,4245,'2021-12-27 13:33:04.657646','2021-12-27 13:33:04.657646');
INSERT INTO notification_belongs VALUES(33061,0,4,4251,'2021-12-27 13:33:04.995980','2021-12-27 13:33:04.995980');
INSERT INTO notification_belongs VALUES(33062,0,6,4251,'2021-12-27 13:33:04.995980','2021-12-27 13:33:04.995980');
INSERT INTO notification_belongs VALUES(33063,0,7,4251,'2021-12-27 13:33:04.995980','2021-12-27 13:33:04.995980');
INSERT INTO notification_belongs VALUES(33064,0,8,4251,'2021-12-27 13:33:04.995980','2021-12-27 13:33:04.995980');
INSERT INTO notification_belongs VALUES(33065,0,9,4251,'2021-12-27 13:33:04.995980','2021-12-27 13:33:04.995980');
INSERT INTO notification_belongs VALUES(33066,0,10,4251,'2021-12-27 13:33:04.995980','2021-12-27 13:33:04.995980');
INSERT INTO notification_belongs VALUES(33067,0,11,4251,'2021-12-27 13:33:04.995980','2021-12-27 13:33:04.995980');
INSERT INTO notification_belongs VALUES(33068,0,12,4251,'2021-12-27 13:33:04.995980','2021-12-27 13:33:04.995980');
INSERT INTO notification_belongs VALUES(33069,0,4,4252,'2021-12-27 13:33:05.041300','2021-12-27 13:33:05.041300');
INSERT INTO notification_belongs VALUES(33070,0,6,4252,'2021-12-27 13:33:05.041300','2021-12-27 13:33:05.041300');
INSERT INTO notification_belongs VALUES(33071,0,7,4252,'2021-12-27 13:33:05.041300','2021-12-27 13:33:05.041300');
INSERT INTO notification_belongs VALUES(33072,0,8,4252,'2021-12-27 13:33:05.041300','2021-12-27 13:33:05.041300');
INSERT INTO notification_belongs VALUES(33073,0,9,4252,'2021-12-27 13:33:05.041300','2021-12-27 13:33:05.041300');
INSERT INTO notification_belongs VALUES(33074,0,10,4252,'2021-12-27 13:33:05.041300','2021-12-27 13:33:05.041300');
INSERT INTO notification_belongs VALUES(33075,0,11,4252,'2021-12-27 13:33:05.041300','2021-12-27 13:33:05.041300');
INSERT INTO notification_belongs VALUES(33076,0,12,4252,'2021-12-27 13:33:05.041300','2021-12-27 13:33:05.041300');
INSERT INTO notification_belongs VALUES(33133,0,4,4260,'2021-12-27 13:33:05.762325','2021-12-27 13:33:05.762325');
INSERT INTO notification_belongs VALUES(33134,0,6,4260,'2021-12-27 13:33:05.762325','2021-12-27 13:33:05.762325');
INSERT INTO notification_belongs VALUES(33135,0,7,4260,'2021-12-27 13:33:05.762325','2021-12-27 13:33:05.762325');
INSERT INTO notification_belongs VALUES(33136,0,8,4260,'2021-12-27 13:33:05.762325','2021-12-27 13:33:05.762325');
INSERT INTO notification_belongs VALUES(33137,0,9,4260,'2021-12-27 13:33:05.762325','2021-12-27 13:33:05.762325');
INSERT INTO notification_belongs VALUES(33138,0,10,4260,'2021-12-27 13:33:05.762325','2021-12-27 13:33:05.762325');
INSERT INTO notification_belongs VALUES(33139,0,11,4260,'2021-12-27 13:33:05.762325','2021-12-27 13:33:05.762325');
INSERT INTO notification_belongs VALUES(33140,0,12,4260,'2021-12-27 13:33:05.762325','2021-12-27 13:33:05.762325');
INSERT INTO notification_belongs VALUES(33277,0,4,4278,'2021-12-27 13:33:07.004010','2021-12-27 13:33:07.004010');
INSERT INTO notification_belongs VALUES(33278,0,6,4278,'2021-12-27 13:33:07.004010','2021-12-27 13:33:07.004010');
INSERT INTO notification_belongs VALUES(33279,0,7,4278,'2021-12-27 13:33:07.004010','2021-12-27 13:33:07.004010');
INSERT INTO notification_belongs VALUES(33280,0,8,4278,'2021-12-27 13:33:07.004010','2021-12-27 13:33:07.004010');
INSERT INTO notification_belongs VALUES(33281,0,9,4278,'2021-12-27 13:33:07.004010','2021-12-27 13:33:07.004010');
INSERT INTO notification_belongs VALUES(33282,0,10,4278,'2021-12-27 13:33:07.004010','2021-12-27 13:33:07.004010');
INSERT INTO notification_belongs VALUES(33283,0,11,4278,'2021-12-27 13:33:07.004010','2021-12-27 13:33:07.004010');
INSERT INTO notification_belongs VALUES(33284,0,12,4278,'2021-12-27 13:33:07.004010','2021-12-27 13:33:07.004010');
INSERT INTO notification_belongs VALUES(33285,0,4,4279,'2021-12-27 13:33:07.126424','2021-12-27 13:33:07.126424');
INSERT INTO notification_belongs VALUES(33286,0,6,4279,'2021-12-27 13:33:07.126424','2021-12-27 13:33:07.126424');
INSERT INTO notification_belongs VALUES(33287,0,7,4279,'2021-12-27 13:33:07.126424','2021-12-27 13:33:07.126424');
INSERT INTO notification_belongs VALUES(33288,0,8,4279,'2021-12-27 13:33:07.126424','2021-12-27 13:33:07.126424');
INSERT INTO notification_belongs VALUES(33289,0,9,4279,'2021-12-27 13:33:07.126424','2021-12-27 13:33:07.126424');
INSERT INTO notification_belongs VALUES(33290,0,10,4279,'2021-12-27 13:33:07.126424','2021-12-27 13:33:07.126424');
INSERT INTO notification_belongs VALUES(33291,0,11,4279,'2021-12-27 13:33:07.126424','2021-12-27 13:33:07.126424');
INSERT INTO notification_belongs VALUES(33292,0,12,4279,'2021-12-27 13:33:07.126424','2021-12-27 13:33:07.126424');
INSERT INTO notification_belongs VALUES(33309,0,4,4282,'2021-12-27 13:33:07.322038','2021-12-27 13:33:07.322038');
INSERT INTO notification_belongs VALUES(33310,0,6,4282,'2021-12-27 13:33:07.322038','2021-12-27 13:33:07.322038');
INSERT INTO notification_belongs VALUES(33311,0,7,4282,'2021-12-27 13:33:07.322038','2021-12-27 13:33:07.322038');
INSERT INTO notification_belongs VALUES(33312,0,8,4282,'2021-12-27 13:33:07.322038','2021-12-27 13:33:07.322038');
INSERT INTO notification_belongs VALUES(33313,0,9,4282,'2021-12-27 13:33:07.322038','2021-12-27 13:33:07.322038');
INSERT INTO notification_belongs VALUES(33314,0,10,4282,'2021-12-27 13:33:07.322038','2021-12-27 13:33:07.322038');
INSERT INTO notification_belongs VALUES(33315,0,11,4282,'2021-12-27 13:33:07.322038','2021-12-27 13:33:07.322038');
INSERT INTO notification_belongs VALUES(33316,0,12,4282,'2021-12-27 13:33:07.322038','2021-12-27 13:33:07.322038');
INSERT INTO notification_belongs VALUES(33333,0,4,4285,'2021-12-27 13:33:07.541677','2021-12-27 13:33:07.541677');
INSERT INTO notification_belongs VALUES(33334,0,6,4285,'2021-12-27 13:33:07.541677','2021-12-27 13:33:07.541677');
INSERT INTO notification_belongs VALUES(33335,0,7,4285,'2021-12-27 13:33:07.541677','2021-12-27 13:33:07.541677');
INSERT INTO notification_belongs VALUES(33336,0,8,4285,'2021-12-27 13:33:07.541677','2021-12-27 13:33:07.541677');
INSERT INTO notification_belongs VALUES(33337,0,9,4285,'2021-12-27 13:33:07.541677','2021-12-27 13:33:07.541677');
INSERT INTO notification_belongs VALUES(33338,0,10,4285,'2021-12-27 13:33:07.541677','2021-12-27 13:33:07.541677');
INSERT INTO notification_belongs VALUES(33339,0,11,4285,'2021-12-27 13:33:07.541677','2021-12-27 13:33:07.541677');
INSERT INTO notification_belongs VALUES(33340,0,12,4285,'2021-12-27 13:33:07.541677','2021-12-27 13:33:07.541677');
INSERT INTO notification_belongs VALUES(33341,0,4,4286,'2021-12-27 13:33:07.584395','2021-12-27 13:33:07.584395');
INSERT INTO notification_belongs VALUES(33342,0,6,4286,'2021-12-27 13:33:07.584395','2021-12-27 13:33:07.584395');
INSERT INTO notification_belongs VALUES(33343,0,7,4286,'2021-12-27 13:33:07.584395','2021-12-27 13:33:07.584395');
INSERT INTO notification_belongs VALUES(33344,0,8,4286,'2021-12-27 13:33:07.584395','2021-12-27 13:33:07.584395');
INSERT INTO notification_belongs VALUES(33345,0,9,4286,'2021-12-27 13:33:07.584395','2021-12-27 13:33:07.584395');
INSERT INTO notification_belongs VALUES(33346,0,10,4286,'2021-12-27 13:33:07.584395','2021-12-27 13:33:07.584395');
INSERT INTO notification_belongs VALUES(33347,0,11,4286,'2021-12-27 13:33:07.584395','2021-12-27 13:33:07.584395');
INSERT INTO notification_belongs VALUES(33348,0,12,4286,'2021-12-27 13:33:07.584395','2021-12-27 13:33:07.584395');
INSERT INTO notification_belongs VALUES(33349,0,4,4287,'2021-12-27 13:33:07.623543','2021-12-27 13:33:07.623543');
INSERT INTO notification_belongs VALUES(33350,0,6,4287,'2021-12-27 13:33:07.623543','2021-12-27 13:33:07.623543');
INSERT INTO notification_belongs VALUES(33351,0,7,4287,'2021-12-27 13:33:07.623543','2021-12-27 13:33:07.623543');
INSERT INTO notification_belongs VALUES(33352,0,8,4287,'2021-12-27 13:33:07.623543','2021-12-27 13:33:07.623543');
INSERT INTO notification_belongs VALUES(33353,0,9,4287,'2021-12-27 13:33:07.623543','2021-12-27 13:33:07.623543');
INSERT INTO notification_belongs VALUES(33354,0,10,4287,'2021-12-27 13:33:07.623543','2021-12-27 13:33:07.623543');
INSERT INTO notification_belongs VALUES(33355,0,11,4287,'2021-12-27 13:33:07.623543','2021-12-27 13:33:07.623543');
INSERT INTO notification_belongs VALUES(33356,0,12,4287,'2021-12-27 13:33:07.623543','2021-12-27 13:33:07.623543');
INSERT INTO notification_belongs VALUES(33397,0,4,4293,'2021-12-27 13:33:07.970686','2021-12-27 13:33:07.970686');
INSERT INTO notification_belongs VALUES(33398,0,6,4293,'2021-12-27 13:33:07.970686','2021-12-27 13:33:07.970686');
INSERT INTO notification_belongs VALUES(33399,0,7,4293,'2021-12-27 13:33:07.970686','2021-12-27 13:33:07.970686');
INSERT INTO notification_belongs VALUES(33400,0,8,4293,'2021-12-27 13:33:07.970686','2021-12-27 13:33:07.970686');
INSERT INTO notification_belongs VALUES(33401,0,9,4293,'2021-12-27 13:33:07.970686','2021-12-27 13:33:07.970686');
INSERT INTO notification_belongs VALUES(33402,0,10,4293,'2021-12-27 13:33:07.970686','2021-12-27 13:33:07.970686');
INSERT INTO notification_belongs VALUES(33403,0,11,4293,'2021-12-27 13:33:07.970686','2021-12-27 13:33:07.970686');
INSERT INTO notification_belongs VALUES(33404,0,12,4293,'2021-12-27 13:33:07.970686','2021-12-27 13:33:07.970686');
INSERT INTO notification_belongs VALUES(33405,0,4,4294,'2021-12-27 13:33:08.022816','2021-12-27 13:33:08.022816');
INSERT INTO notification_belongs VALUES(33406,0,6,4294,'2021-12-27 13:33:08.022816','2021-12-27 13:33:08.022816');
INSERT INTO notification_belongs VALUES(33407,0,7,4294,'2021-12-27 13:33:08.022816','2021-12-27 13:33:08.022816');
INSERT INTO notification_belongs VALUES(33408,0,8,4294,'2021-12-27 13:33:08.022816','2021-12-27 13:33:08.022816');
INSERT INTO notification_belongs VALUES(33409,0,9,4294,'2021-12-27 13:33:08.022816','2021-12-27 13:33:08.022816');
INSERT INTO notification_belongs VALUES(33410,0,10,4294,'2021-12-27 13:33:08.022816','2021-12-27 13:33:08.022816');
INSERT INTO notification_belongs VALUES(33411,0,11,4294,'2021-12-27 13:33:08.022816','2021-12-27 13:33:08.022816');
INSERT INTO notification_belongs VALUES(33412,0,12,4294,'2021-12-27 13:33:08.022816','2021-12-27 13:33:08.022816');
INSERT INTO notification_belongs VALUES(33477,0,4,4303,'2021-12-27 13:33:08.813481','2021-12-27 13:33:08.813481');
INSERT INTO notification_belongs VALUES(33478,0,6,4303,'2021-12-27 13:33:08.813481','2021-12-27 13:33:08.813481');
INSERT INTO notification_belongs VALUES(33479,0,7,4303,'2021-12-27 13:33:08.813481','2021-12-27 13:33:08.813481');
INSERT INTO notification_belongs VALUES(33480,0,8,4303,'2021-12-27 13:33:08.813481','2021-12-27 13:33:08.813481');
INSERT INTO notification_belongs VALUES(33481,0,9,4303,'2021-12-27 13:33:08.813481','2021-12-27 13:33:08.813481');
INSERT INTO notification_belongs VALUES(33482,0,10,4303,'2021-12-27 13:33:08.813481','2021-12-27 13:33:08.813481');
INSERT INTO notification_belongs VALUES(33483,0,11,4303,'2021-12-27 13:33:08.813481','2021-12-27 13:33:08.813481');
INSERT INTO notification_belongs VALUES(33484,0,12,4303,'2021-12-27 13:33:08.813481','2021-12-27 13:33:08.813481');
INSERT INTO notification_belongs VALUES(33485,0,4,4304,'2021-12-27 13:33:08.942589','2021-12-27 13:33:08.942589');
INSERT INTO notification_belongs VALUES(33486,0,6,4304,'2021-12-27 13:33:08.942589','2021-12-27 13:33:08.942589');
INSERT INTO notification_belongs VALUES(33487,0,7,4304,'2021-12-27 13:33:08.942589','2021-12-27 13:33:08.942589');
INSERT INTO notification_belongs VALUES(33488,0,8,4304,'2021-12-27 13:33:08.942589','2021-12-27 13:33:08.942589');
INSERT INTO notification_belongs VALUES(33489,0,9,4304,'2021-12-27 13:33:08.942589','2021-12-27 13:33:08.942589');
INSERT INTO notification_belongs VALUES(33490,0,10,4304,'2021-12-27 13:33:08.942589','2021-12-27 13:33:08.942589');
INSERT INTO notification_belongs VALUES(33491,0,11,4304,'2021-12-27 13:33:08.942589','2021-12-27 13:33:08.942589');
INSERT INTO notification_belongs VALUES(33492,0,12,4304,'2021-12-27 13:33:08.942589','2021-12-27 13:33:08.942589');
INSERT INTO notification_belongs VALUES(33501,0,4,4306,'2021-12-27 13:33:09.091164','2021-12-27 13:33:09.091164');
INSERT INTO notification_belongs VALUES(33502,0,6,4306,'2021-12-27 13:33:09.091164','2021-12-27 13:33:09.091164');
INSERT INTO notification_belongs VALUES(33503,0,7,4306,'2021-12-27 13:33:09.091164','2021-12-27 13:33:09.091164');
INSERT INTO notification_belongs VALUES(33504,0,8,4306,'2021-12-27 13:33:09.091164','2021-12-27 13:33:09.091164');
INSERT INTO notification_belongs VALUES(33505,0,9,4306,'2021-12-27 13:33:09.091164','2021-12-27 13:33:09.091164');
INSERT INTO notification_belongs VALUES(33506,0,10,4306,'2021-12-27 13:33:09.091164','2021-12-27 13:33:09.091164');
INSERT INTO notification_belongs VALUES(33507,0,11,4306,'2021-12-27 13:33:09.091164','2021-12-27 13:33:09.091164');
INSERT INTO notification_belongs VALUES(33508,0,12,4306,'2021-12-27 13:33:09.091164','2021-12-27 13:33:09.091164');
INSERT INTO notification_belongs VALUES(33509,0,4,4307,'2021-12-27 13:33:09.124524','2021-12-27 13:33:09.124524');
INSERT INTO notification_belongs VALUES(33510,0,6,4307,'2021-12-27 13:33:09.124524','2021-12-27 13:33:09.124524');
INSERT INTO notification_belongs VALUES(33511,0,7,4307,'2021-12-27 13:33:09.124524','2021-12-27 13:33:09.124524');
INSERT INTO notification_belongs VALUES(33512,0,8,4307,'2021-12-27 13:33:09.124524','2021-12-27 13:33:09.124524');
INSERT INTO notification_belongs VALUES(33513,0,9,4307,'2021-12-27 13:33:09.124524','2021-12-27 13:33:09.124524');
INSERT INTO notification_belongs VALUES(33514,0,10,4307,'2021-12-27 13:33:09.124524','2021-12-27 13:33:09.124524');
INSERT INTO notification_belongs VALUES(33515,0,11,4307,'2021-12-27 13:33:09.124524','2021-12-27 13:33:09.124524');
INSERT INTO notification_belongs VALUES(33516,0,12,4307,'2021-12-27 13:33:09.124524','2021-12-27 13:33:09.124524');
INSERT INTO notification_belongs VALUES(33517,0,4,4308,'2021-12-27 13:33:09.198284','2021-12-27 13:33:09.198284');
INSERT INTO notification_belongs VALUES(33518,0,6,4308,'2021-12-27 13:33:09.198284','2021-12-27 13:33:09.198284');
INSERT INTO notification_belongs VALUES(33519,0,7,4308,'2021-12-27 13:33:09.198284','2021-12-27 13:33:09.198284');
INSERT INTO notification_belongs VALUES(33520,0,8,4308,'2021-12-27 13:33:09.198284','2021-12-27 13:33:09.198284');
INSERT INTO notification_belongs VALUES(33521,0,9,4308,'2021-12-27 13:33:09.198284','2021-12-27 13:33:09.198284');
INSERT INTO notification_belongs VALUES(33522,0,10,4308,'2021-12-27 13:33:09.198284','2021-12-27 13:33:09.198284');
INSERT INTO notification_belongs VALUES(33523,0,11,4308,'2021-12-27 13:33:09.198284','2021-12-27 13:33:09.198284');
INSERT INTO notification_belongs VALUES(33524,0,12,4308,'2021-12-27 13:33:09.198284','2021-12-27 13:33:09.198284');
INSERT INTO notification_belongs VALUES(33581,0,4,4316,'2021-12-27 13:33:09.723314','2021-12-27 13:33:09.723314');
INSERT INTO notification_belongs VALUES(33582,0,6,4316,'2021-12-27 13:33:09.723314','2021-12-27 13:33:09.723314');
INSERT INTO notification_belongs VALUES(33583,0,7,4316,'2021-12-27 13:33:09.723314','2021-12-27 13:33:09.723314');
INSERT INTO notification_belongs VALUES(33584,0,8,4316,'2021-12-27 13:33:09.723314','2021-12-27 13:33:09.723314');
INSERT INTO notification_belongs VALUES(33585,0,9,4316,'2021-12-27 13:33:09.723314','2021-12-27 13:33:09.723314');
INSERT INTO notification_belongs VALUES(33586,0,10,4316,'2021-12-27 13:33:09.723314','2021-12-27 13:33:09.723314');
INSERT INTO notification_belongs VALUES(33587,0,11,4316,'2021-12-27 13:33:09.723314','2021-12-27 13:33:09.723314');
INSERT INTO notification_belongs VALUES(33588,0,12,4316,'2021-12-27 13:33:09.723314','2021-12-27 13:33:09.723314');
INSERT INTO notification_belongs VALUES(33589,0,4,4317,'2021-12-27 13:33:09.759961','2021-12-27 13:33:09.759961');
INSERT INTO notification_belongs VALUES(33590,0,6,4317,'2021-12-27 13:33:09.759961','2021-12-27 13:33:09.759961');
INSERT INTO notification_belongs VALUES(33591,0,7,4317,'2021-12-27 13:33:09.759961','2021-12-27 13:33:09.759961');
INSERT INTO notification_belongs VALUES(33592,0,8,4317,'2021-12-27 13:33:09.759961','2021-12-27 13:33:09.759961');
INSERT INTO notification_belongs VALUES(33593,0,9,4317,'2021-12-27 13:33:09.759961','2021-12-27 13:33:09.759961');
INSERT INTO notification_belongs VALUES(33594,0,10,4317,'2021-12-27 13:33:09.759961','2021-12-27 13:33:09.759961');
INSERT INTO notification_belongs VALUES(33595,0,11,4317,'2021-12-27 13:33:09.759961','2021-12-27 13:33:09.759961');
INSERT INTO notification_belongs VALUES(33596,0,12,4317,'2021-12-27 13:33:09.759961','2021-12-27 13:33:09.759961');
INSERT INTO notification_belongs VALUES(33597,0,4,4318,'2021-12-27 13:33:09.799681','2021-12-27 13:33:09.799681');
INSERT INTO notification_belongs VALUES(33598,0,6,4318,'2021-12-27 13:33:09.799681','2021-12-27 13:33:09.799681');
INSERT INTO notification_belongs VALUES(33599,0,7,4318,'2021-12-27 13:33:09.799681','2021-12-27 13:33:09.799681');
INSERT INTO notification_belongs VALUES(33600,0,8,4318,'2021-12-27 13:33:09.799681','2021-12-27 13:33:09.799681');
INSERT INTO notification_belongs VALUES(33601,0,9,4318,'2021-12-27 13:33:09.799681','2021-12-27 13:33:09.799681');
INSERT INTO notification_belongs VALUES(33602,0,10,4318,'2021-12-27 13:33:09.799681','2021-12-27 13:33:09.799681');
INSERT INTO notification_belongs VALUES(33603,0,11,4318,'2021-12-27 13:33:09.799681','2021-12-27 13:33:09.799681');
INSERT INTO notification_belongs VALUES(33604,0,12,4318,'2021-12-27 13:33:09.799681','2021-12-27 13:33:09.799681');
INSERT INTO notification_belongs VALUES(33621,0,4,4321,'2021-12-27 13:33:10.007034','2021-12-27 13:33:10.007034');
INSERT INTO notification_belongs VALUES(33622,0,6,4321,'2021-12-27 13:33:10.007034','2021-12-27 13:33:10.007034');
INSERT INTO notification_belongs VALUES(33623,0,7,4321,'2021-12-27 13:33:10.007034','2021-12-27 13:33:10.007034');
INSERT INTO notification_belongs VALUES(33624,0,8,4321,'2021-12-27 13:33:10.007034','2021-12-27 13:33:10.007034');
INSERT INTO notification_belongs VALUES(33625,0,9,4321,'2021-12-27 13:33:10.007034','2021-12-27 13:33:10.007034');
INSERT INTO notification_belongs VALUES(33626,0,10,4321,'2021-12-27 13:33:10.007034','2021-12-27 13:33:10.007034');
INSERT INTO notification_belongs VALUES(33627,0,11,4321,'2021-12-27 13:33:10.007034','2021-12-27 13:33:10.007034');
INSERT INTO notification_belongs VALUES(33628,0,12,4321,'2021-12-27 13:33:10.007034','2021-12-27 13:33:10.007034');
INSERT INTO notification_belongs VALUES(33629,0,4,4322,'2021-12-27 13:33:10.328596','2021-12-27 13:33:10.328596');
INSERT INTO notification_belongs VALUES(33630,0,6,4322,'2021-12-27 13:33:10.328596','2021-12-27 13:33:10.328596');
INSERT INTO notification_belongs VALUES(33631,0,7,4322,'2021-12-27 13:33:10.328596','2021-12-27 13:33:10.328596');
INSERT INTO notification_belongs VALUES(33632,0,8,4322,'2021-12-27 13:33:10.328596','2021-12-27 13:33:10.328596');
INSERT INTO notification_belongs VALUES(33633,0,9,4322,'2021-12-27 13:33:10.328596','2021-12-27 13:33:10.328596');
INSERT INTO notification_belongs VALUES(33634,0,10,4322,'2021-12-27 13:33:10.328596','2021-12-27 13:33:10.328596');
INSERT INTO notification_belongs VALUES(33635,0,11,4322,'2021-12-27 13:33:10.328596','2021-12-27 13:33:10.328596');
INSERT INTO notification_belongs VALUES(33636,0,12,4322,'2021-12-27 13:33:10.328596','2021-12-27 13:33:10.328596');
INSERT INTO notification_belongs VALUES(33637,0,4,4323,'2021-12-27 13:33:10.375800','2021-12-27 13:33:10.375800');
INSERT INTO notification_belongs VALUES(33638,0,6,4323,'2021-12-27 13:33:10.375800','2021-12-27 13:33:10.375800');
INSERT INTO notification_belongs VALUES(33639,0,7,4323,'2021-12-27 13:33:10.375800','2021-12-27 13:33:10.375800');
INSERT INTO notification_belongs VALUES(33640,0,8,4323,'2021-12-27 13:33:10.375800','2021-12-27 13:33:10.375800');
INSERT INTO notification_belongs VALUES(33641,0,9,4323,'2021-12-27 13:33:10.375800','2021-12-27 13:33:10.375800');
INSERT INTO notification_belongs VALUES(33642,0,10,4323,'2021-12-27 13:33:10.375800','2021-12-27 13:33:10.375800');
INSERT INTO notification_belongs VALUES(33643,0,11,4323,'2021-12-27 13:33:10.375800','2021-12-27 13:33:10.375800');
INSERT INTO notification_belongs VALUES(33644,0,12,4323,'2021-12-27 13:33:10.375800','2021-12-27 13:33:10.375800');
INSERT INTO notification_belongs VALUES(33789,0,4,4342,'2021-12-27 13:33:11.530221','2021-12-27 13:33:11.530221');
INSERT INTO notification_belongs VALUES(33790,0,6,4342,'2021-12-27 13:33:11.530221','2021-12-27 13:33:11.530221');
INSERT INTO notification_belongs VALUES(33791,0,7,4342,'2021-12-27 13:33:11.530221','2021-12-27 13:33:11.530221');
INSERT INTO notification_belongs VALUES(33792,0,8,4342,'2021-12-27 13:33:11.530221','2021-12-27 13:33:11.530221');
INSERT INTO notification_belongs VALUES(33793,0,9,4342,'2021-12-27 13:33:11.530221','2021-12-27 13:33:11.530221');
INSERT INTO notification_belongs VALUES(33794,0,10,4342,'2021-12-27 13:33:11.530221','2021-12-27 13:33:11.530221');
INSERT INTO notification_belongs VALUES(33795,0,11,4342,'2021-12-27 13:33:11.530221','2021-12-27 13:33:11.530221');
INSERT INTO notification_belongs VALUES(33796,0,12,4342,'2021-12-27 13:33:11.530221','2021-12-27 13:33:11.530221');
INSERT INTO notification_belongs VALUES(33797,0,4,4343,'2021-12-27 13:33:11.567867','2021-12-27 13:33:11.567867');
INSERT INTO notification_belongs VALUES(33798,0,6,4343,'2021-12-27 13:33:11.567867','2021-12-27 13:33:11.567867');
INSERT INTO notification_belongs VALUES(33799,0,7,4343,'2021-12-27 13:33:11.567867','2021-12-27 13:33:11.567867');
INSERT INTO notification_belongs VALUES(33800,0,8,4343,'2021-12-27 13:33:11.567867','2021-12-27 13:33:11.567867');
INSERT INTO notification_belongs VALUES(33801,0,9,4343,'2021-12-27 13:33:11.567867','2021-12-27 13:33:11.567867');
INSERT INTO notification_belongs VALUES(33802,0,10,4343,'2021-12-27 13:33:11.567867','2021-12-27 13:33:11.567867');
INSERT INTO notification_belongs VALUES(33803,0,11,4343,'2021-12-27 13:33:11.567867','2021-12-27 13:33:11.567867');
INSERT INTO notification_belongs VALUES(33804,0,12,4343,'2021-12-27 13:33:11.567867','2021-12-27 13:33:11.567867');
INSERT INTO notification_belongs VALUES(33805,0,4,4344,'2021-12-27 13:33:11.599220','2021-12-27 13:33:11.599220');
INSERT INTO notification_belongs VALUES(33806,0,6,4344,'2021-12-27 13:33:11.599220','2021-12-27 13:33:11.599220');
INSERT INTO notification_belongs VALUES(33807,0,7,4344,'2021-12-27 13:33:11.599220','2021-12-27 13:33:11.599220');
INSERT INTO notification_belongs VALUES(33808,0,8,4344,'2021-12-27 13:33:11.599220','2021-12-27 13:33:11.599220');
INSERT INTO notification_belongs VALUES(33809,0,9,4344,'2021-12-27 13:33:11.599220','2021-12-27 13:33:11.599220');
INSERT INTO notification_belongs VALUES(33810,0,10,4344,'2021-12-27 13:33:11.599220','2021-12-27 13:33:11.599220');
INSERT INTO notification_belongs VALUES(33811,0,11,4344,'2021-12-27 13:33:11.599220','2021-12-27 13:33:11.599220');
INSERT INTO notification_belongs VALUES(33812,0,12,4344,'2021-12-27 13:33:11.599220','2021-12-27 13:33:11.599220');
INSERT INTO notification_belongs VALUES(33853,0,4,4350,'2021-12-27 13:33:12.265095','2021-12-27 13:33:12.265095');
INSERT INTO notification_belongs VALUES(33854,0,6,4350,'2021-12-27 13:33:12.265095','2021-12-27 13:33:12.265095');
INSERT INTO notification_belongs VALUES(33855,0,7,4350,'2021-12-27 13:33:12.265095','2021-12-27 13:33:12.265095');
INSERT INTO notification_belongs VALUES(33856,0,8,4350,'2021-12-27 13:33:12.265095','2021-12-27 13:33:12.265095');
INSERT INTO notification_belongs VALUES(33857,0,9,4350,'2021-12-27 13:33:12.265095','2021-12-27 13:33:12.265095');
INSERT INTO notification_belongs VALUES(33858,0,10,4350,'2021-12-27 13:33:12.265095','2021-12-27 13:33:12.265095');
INSERT INTO notification_belongs VALUES(33859,0,11,4350,'2021-12-27 13:33:12.265095','2021-12-27 13:33:12.265095');
INSERT INTO notification_belongs VALUES(33860,0,12,4350,'2021-12-27 13:33:12.265095','2021-12-27 13:33:12.265095');
INSERT INTO notification_belongs VALUES(33861,0,4,4351,'2021-12-27 13:33:12.341689','2021-12-27 13:33:12.341689');
INSERT INTO notification_belongs VALUES(33862,0,6,4351,'2021-12-27 13:33:12.341689','2021-12-27 13:33:12.341689');
INSERT INTO notification_belongs VALUES(33863,0,7,4351,'2021-12-27 13:33:12.341689','2021-12-27 13:33:12.341689');
INSERT INTO notification_belongs VALUES(33864,0,8,4351,'2021-12-27 13:33:12.341689','2021-12-27 13:33:12.341689');
INSERT INTO notification_belongs VALUES(33865,0,9,4351,'2021-12-27 13:33:12.341689','2021-12-27 13:33:12.341689');
INSERT INTO notification_belongs VALUES(33866,0,10,4351,'2021-12-27 13:33:12.341689','2021-12-27 13:33:12.341689');
INSERT INTO notification_belongs VALUES(33867,0,11,4351,'2021-12-27 13:33:12.341689','2021-12-27 13:33:12.341689');
INSERT INTO notification_belongs VALUES(33868,0,12,4351,'2021-12-27 13:33:12.341689','2021-12-27 13:33:12.341689');
INSERT INTO notification_belongs VALUES(33869,0,4,4352,'2021-12-27 13:33:12.384805','2021-12-27 13:33:12.384805');
INSERT INTO notification_belongs VALUES(33870,0,6,4352,'2021-12-27 13:33:12.384805','2021-12-27 13:33:12.384805');
INSERT INTO notification_belongs VALUES(33871,0,7,4352,'2021-12-27 13:33:12.384805','2021-12-27 13:33:12.384805');
INSERT INTO notification_belongs VALUES(33872,0,8,4352,'2021-12-27 13:33:12.384805','2021-12-27 13:33:12.384805');
INSERT INTO notification_belongs VALUES(33873,0,9,4352,'2021-12-27 13:33:12.384805','2021-12-27 13:33:12.384805');
INSERT INTO notification_belongs VALUES(33874,0,10,4352,'2021-12-27 13:33:12.384805','2021-12-27 13:33:12.384805');
INSERT INTO notification_belongs VALUES(33875,0,11,4352,'2021-12-27 13:33:12.384805','2021-12-27 13:33:12.384805');
INSERT INTO notification_belongs VALUES(33876,0,12,4352,'2021-12-27 13:33:12.384805','2021-12-27 13:33:12.384805');
INSERT INTO notification_belongs VALUES(33877,0,4,4353,'2021-12-27 13:33:12.447936','2021-12-27 13:33:12.447936');
INSERT INTO notification_belongs VALUES(33878,0,6,4353,'2021-12-27 13:33:12.447936','2021-12-27 13:33:12.447936');
INSERT INTO notification_belongs VALUES(33879,0,7,4353,'2021-12-27 13:33:12.447936','2021-12-27 13:33:12.447936');
INSERT INTO notification_belongs VALUES(33880,0,8,4353,'2021-12-27 13:33:12.447936','2021-12-27 13:33:12.447936');
INSERT INTO notification_belongs VALUES(33881,0,9,4353,'2021-12-27 13:33:12.447936','2021-12-27 13:33:12.447936');
INSERT INTO notification_belongs VALUES(33882,0,10,4353,'2021-12-27 13:33:12.447936','2021-12-27 13:33:12.447936');
INSERT INTO notification_belongs VALUES(33883,0,11,4353,'2021-12-27 13:33:12.447936','2021-12-27 13:33:12.447936');
INSERT INTO notification_belongs VALUES(33884,0,12,4353,'2021-12-27 13:33:12.447936','2021-12-27 13:33:12.447936');
INSERT INTO notification_belongs VALUES(33981,0,4,4366,'2021-12-27 13:33:13.229782','2021-12-27 13:33:13.229782');
INSERT INTO notification_belongs VALUES(33982,0,6,4366,'2021-12-27 13:33:13.229782','2021-12-27 13:33:13.229782');
INSERT INTO notification_belongs VALUES(33983,0,7,4366,'2021-12-27 13:33:13.229782','2021-12-27 13:33:13.229782');
INSERT INTO notification_belongs VALUES(33984,0,8,4366,'2021-12-27 13:33:13.229782','2021-12-27 13:33:13.229782');
INSERT INTO notification_belongs VALUES(33985,0,9,4366,'2021-12-27 13:33:13.229782','2021-12-27 13:33:13.229782');
INSERT INTO notification_belongs VALUES(33986,0,10,4366,'2021-12-27 13:33:13.229782','2021-12-27 13:33:13.229782');
INSERT INTO notification_belongs VALUES(33987,0,11,4366,'2021-12-27 13:33:13.229782','2021-12-27 13:33:13.229782');
INSERT INTO notification_belongs VALUES(33988,0,12,4366,'2021-12-27 13:33:13.229782','2021-12-27 13:33:13.229782');
INSERT INTO notification_belongs VALUES(33989,0,4,4367,'2021-12-27 13:33:13.261884','2021-12-27 13:33:13.261884');
INSERT INTO notification_belongs VALUES(33990,0,6,4367,'2021-12-27 13:33:13.261884','2021-12-27 13:33:13.261884');
INSERT INTO notification_belongs VALUES(33991,0,7,4367,'2021-12-27 13:33:13.261884','2021-12-27 13:33:13.261884');
INSERT INTO notification_belongs VALUES(33992,0,8,4367,'2021-12-27 13:33:13.261884','2021-12-27 13:33:13.261884');
INSERT INTO notification_belongs VALUES(33993,0,9,4367,'2021-12-27 13:33:13.261884','2021-12-27 13:33:13.261884');
INSERT INTO notification_belongs VALUES(33994,0,10,4367,'2021-12-27 13:33:13.261884','2021-12-27 13:33:13.261884');
INSERT INTO notification_belongs VALUES(33995,0,11,4367,'2021-12-27 13:33:13.261884','2021-12-27 13:33:13.261884');
INSERT INTO notification_belongs VALUES(33996,0,12,4367,'2021-12-27 13:33:13.261884','2021-12-27 13:33:13.261884');
INSERT INTO notification_belongs VALUES(33997,0,4,4368,'2021-12-27 13:33:13.294990','2021-12-27 13:33:13.294990');
INSERT INTO notification_belongs VALUES(33998,0,6,4368,'2021-12-27 13:33:13.294990','2021-12-27 13:33:13.294990');
INSERT INTO notification_belongs VALUES(33999,0,7,4368,'2021-12-27 13:33:13.294990','2021-12-27 13:33:13.294990');
INSERT INTO notification_belongs VALUES(34000,0,8,4368,'2021-12-27 13:33:13.294990','2021-12-27 13:33:13.294990');
INSERT INTO notification_belongs VALUES(34001,0,9,4368,'2021-12-27 13:33:13.294990','2021-12-27 13:33:13.294990');
INSERT INTO notification_belongs VALUES(34002,0,10,4368,'2021-12-27 13:33:13.294990','2021-12-27 13:33:13.294990');
INSERT INTO notification_belongs VALUES(34003,0,11,4368,'2021-12-27 13:33:13.294990','2021-12-27 13:33:13.294990');
INSERT INTO notification_belongs VALUES(34004,0,12,4368,'2021-12-27 13:33:13.294990','2021-12-27 13:33:13.294990');
INSERT INTO notification_belongs VALUES(34053,0,4,4375,'2021-12-27 13:33:13.684077','2021-12-27 13:33:13.684077');
INSERT INTO notification_belongs VALUES(34054,0,6,4375,'2021-12-27 13:33:13.684077','2021-12-27 13:33:13.684077');
INSERT INTO notification_belongs VALUES(34055,0,7,4375,'2021-12-27 13:33:13.684077','2021-12-27 13:33:13.684077');
INSERT INTO notification_belongs VALUES(34056,0,8,4375,'2021-12-27 13:33:13.684077','2021-12-27 13:33:13.684077');
INSERT INTO notification_belongs VALUES(34057,0,9,4375,'2021-12-27 13:33:13.684077','2021-12-27 13:33:13.684077');
INSERT INTO notification_belongs VALUES(34058,0,10,4375,'2021-12-27 13:33:13.684077','2021-12-27 13:33:13.684077');
INSERT INTO notification_belongs VALUES(34059,0,11,4375,'2021-12-27 13:33:13.684077','2021-12-27 13:33:13.684077');
INSERT INTO notification_belongs VALUES(34060,0,12,4375,'2021-12-27 13:33:13.684077','2021-12-27 13:33:13.684077');
INSERT INTO notification_belongs VALUES(34117,0,4,4383,'2021-12-27 13:33:14.178434','2021-12-27 13:33:14.178434');
INSERT INTO notification_belongs VALUES(34118,0,6,4383,'2021-12-27 13:33:14.178434','2021-12-27 13:33:14.178434');
INSERT INTO notification_belongs VALUES(34119,0,7,4383,'2021-12-27 13:33:14.178434','2021-12-27 13:33:14.178434');
INSERT INTO notification_belongs VALUES(34120,0,8,4383,'2021-12-27 13:33:14.178434','2021-12-27 13:33:14.178434');
INSERT INTO notification_belongs VALUES(34121,0,9,4383,'2021-12-27 13:33:14.178434','2021-12-27 13:33:14.178434');
INSERT INTO notification_belongs VALUES(34122,0,10,4383,'2021-12-27 13:33:14.178434','2021-12-27 13:33:14.178434');
INSERT INTO notification_belongs VALUES(34123,0,11,4383,'2021-12-27 13:33:14.178434','2021-12-27 13:33:14.178434');
INSERT INTO notification_belongs VALUES(34124,0,12,4383,'2021-12-27 13:33:14.178434','2021-12-27 13:33:14.178434');
INSERT INTO notification_belongs VALUES(34125,0,4,4384,'2021-12-27 13:33:14.215965','2021-12-27 13:33:14.215965');
INSERT INTO notification_belongs VALUES(34126,0,6,4384,'2021-12-27 13:33:14.215965','2021-12-27 13:33:14.215965');
INSERT INTO notification_belongs VALUES(34127,0,7,4384,'2021-12-27 13:33:14.215965','2021-12-27 13:33:14.215965');
INSERT INTO notification_belongs VALUES(34128,0,8,4384,'2021-12-27 13:33:14.215965','2021-12-27 13:33:14.215965');
INSERT INTO notification_belongs VALUES(34129,0,9,4384,'2021-12-27 13:33:14.215965','2021-12-27 13:33:14.215965');
INSERT INTO notification_belongs VALUES(34130,0,10,4384,'2021-12-27 13:33:14.215965','2021-12-27 13:33:14.215965');
INSERT INTO notification_belongs VALUES(34131,0,11,4384,'2021-12-27 13:33:14.215965','2021-12-27 13:33:14.215965');
INSERT INTO notification_belongs VALUES(34132,0,12,4384,'2021-12-27 13:33:14.215965','2021-12-27 13:33:14.215965');
INSERT INTO notification_belongs VALUES(34157,0,4,4388,'2021-12-27 13:33:14.503527','2021-12-27 13:33:14.503527');
INSERT INTO notification_belongs VALUES(34158,0,6,4388,'2021-12-27 13:33:14.503527','2021-12-27 13:33:14.503527');
INSERT INTO notification_belongs VALUES(34159,0,7,4388,'2021-12-27 13:33:14.503527','2021-12-27 13:33:14.503527');
INSERT INTO notification_belongs VALUES(34160,0,8,4388,'2021-12-27 13:33:14.503527','2021-12-27 13:33:14.503527');
INSERT INTO notification_belongs VALUES(34161,0,9,4388,'2021-12-27 13:33:14.503527','2021-12-27 13:33:14.503527');
INSERT INTO notification_belongs VALUES(34162,0,10,4388,'2021-12-27 13:33:14.503527','2021-12-27 13:33:14.503527');
INSERT INTO notification_belongs VALUES(34163,0,11,4388,'2021-12-27 13:33:14.503527','2021-12-27 13:33:14.503527');
INSERT INTO notification_belongs VALUES(34164,0,12,4388,'2021-12-27 13:33:14.503527','2021-12-27 13:33:14.503527');
INSERT INTO notification_belongs VALUES(34165,0,4,4389,'2021-12-27 13:33:14.536645','2021-12-27 13:33:14.536645');
INSERT INTO notification_belongs VALUES(34166,0,6,4389,'2021-12-27 13:33:14.536645','2021-12-27 13:33:14.536645');
INSERT INTO notification_belongs VALUES(34167,0,7,4389,'2021-12-27 13:33:14.536645','2021-12-27 13:33:14.536645');
INSERT INTO notification_belongs VALUES(34168,0,8,4389,'2021-12-27 13:33:14.536645','2021-12-27 13:33:14.536645');
INSERT INTO notification_belongs VALUES(34169,0,9,4389,'2021-12-27 13:33:14.536645','2021-12-27 13:33:14.536645');
INSERT INTO notification_belongs VALUES(34170,0,10,4389,'2021-12-27 13:33:14.536645','2021-12-27 13:33:14.536645');
INSERT INTO notification_belongs VALUES(34171,0,11,4389,'2021-12-27 13:33:14.536645','2021-12-27 13:33:14.536645');
INSERT INTO notification_belongs VALUES(34172,0,12,4389,'2021-12-27 13:33:14.536645','2021-12-27 13:33:14.536645');
INSERT INTO notification_belongs VALUES(34205,0,4,4394,'2021-12-27 13:33:14.885736','2021-12-27 13:33:14.885736');
INSERT INTO notification_belongs VALUES(34206,0,6,4394,'2021-12-27 13:33:14.885736','2021-12-27 13:33:14.885736');
INSERT INTO notification_belongs VALUES(34207,0,7,4394,'2021-12-27 13:33:14.885736','2021-12-27 13:33:14.885736');
INSERT INTO notification_belongs VALUES(34208,0,8,4394,'2021-12-27 13:33:14.885736','2021-12-27 13:33:14.885736');
INSERT INTO notification_belongs VALUES(34209,0,9,4394,'2021-12-27 13:33:14.885736','2021-12-27 13:33:14.885736');
INSERT INTO notification_belongs VALUES(34210,1,10,4394,'2021-12-27 13:33:14.885736','2021-12-28 11:39:58.685325');
INSERT INTO notification_belongs VALUES(34211,0,11,4394,'2021-12-27 13:33:14.885736','2021-12-27 13:33:14.885736');
INSERT INTO notification_belongs VALUES(34212,0,12,4394,'2021-12-27 13:33:14.885736','2021-12-27 13:33:14.885736');
INSERT INTO notification_belongs VALUES(34241,0,4,4409,'2021-12-30 09:07:31.206910','2021-12-30 09:07:31.206910');
INSERT INTO notification_belongs VALUES(34242,0,6,4409,'2021-12-30 09:07:31.206910','2021-12-30 09:07:31.206910');
INSERT INTO notification_belongs VALUES(34243,0,7,4409,'2021-12-30 09:07:31.206910','2021-12-30 09:07:31.206910');
INSERT INTO notification_belongs VALUES(34244,0,8,4409,'2021-12-30 09:07:31.206910','2021-12-30 09:07:31.206910');
INSERT INTO notification_belongs VALUES(34245,0,9,4409,'2021-12-30 09:07:31.206910','2021-12-30 09:07:31.206910');
INSERT INTO notification_belongs VALUES(34246,0,10,4409,'2021-12-30 09:07:31.206910','2021-12-30 09:07:31.206910');
INSERT INTO notification_belongs VALUES(34247,0,11,4409,'2021-12-30 09:07:31.206910','2021-12-30 09:07:31.206910');
INSERT INTO notification_belongs VALUES(34248,0,12,4409,'2021-12-30 09:07:31.206910','2021-12-30 09:07:31.206910');
INSERT INTO notification_belongs VALUES(34249,0,4,4410,'2021-12-30 09:12:36.813978','2021-12-30 09:12:36.813978');
INSERT INTO notification_belongs VALUES(34250,0,6,4410,'2021-12-30 09:12:36.813978','2021-12-30 09:12:36.813978');
INSERT INTO notification_belongs VALUES(34251,0,7,4410,'2021-12-30 09:12:36.813978','2021-12-30 09:12:36.813978');
INSERT INTO notification_belongs VALUES(34252,0,8,4410,'2021-12-30 09:12:36.813978','2021-12-30 09:12:36.813978');
INSERT INTO notification_belongs VALUES(34253,0,9,4410,'2021-12-30 09:12:36.813978','2021-12-30 09:12:36.813978');
INSERT INTO notification_belongs VALUES(34254,0,10,4410,'2021-12-30 09:12:36.813978','2021-12-30 09:12:36.813978');
INSERT INTO notification_belongs VALUES(34255,0,11,4410,'2021-12-30 09:12:36.813978','2021-12-30 09:12:36.813978');
INSERT INTO notification_belongs VALUES(34256,0,12,4410,'2021-12-30 09:12:36.813978','2021-12-30 09:12:36.813978');
INSERT INTO notification_belongs VALUES(34257,0,4,4411,'2021-12-30 09:59:46.398341','2021-12-30 09:59:46.398341');
INSERT INTO notification_belongs VALUES(34258,0,6,4411,'2021-12-30 09:59:46.398341','2021-12-30 09:59:46.398341');
INSERT INTO notification_belongs VALUES(34259,0,7,4411,'2021-12-30 09:59:46.398341','2021-12-30 09:59:46.398341');
INSERT INTO notification_belongs VALUES(34260,0,8,4411,'2021-12-30 09:59:46.398341','2021-12-30 09:59:46.398341');
INSERT INTO notification_belongs VALUES(34261,0,9,4411,'2021-12-30 09:59:46.398341','2021-12-30 09:59:46.398341');
INSERT INTO notification_belongs VALUES(34262,0,10,4411,'2021-12-30 09:59:46.398341','2021-12-30 09:59:46.398341');
INSERT INTO notification_belongs VALUES(34263,0,11,4411,'2021-12-30 09:59:46.398341','2021-12-30 09:59:46.398341');
INSERT INTO notification_belongs VALUES(34264,0,12,4411,'2021-12-30 09:59:46.398341','2021-12-30 09:59:46.398341');
INSERT INTO notification_belongs VALUES(34265,0,4,4412,'2021-12-30 10:01:31.168103','2021-12-30 10:01:31.168103');
INSERT INTO notification_belongs VALUES(34266,0,6,4412,'2021-12-30 10:01:31.168103','2021-12-30 10:01:31.168103');
INSERT INTO notification_belongs VALUES(34267,0,7,4412,'2021-12-30 10:01:31.168103','2021-12-30 10:01:31.168103');
INSERT INTO notification_belongs VALUES(34268,0,8,4412,'2021-12-30 10:01:31.168103','2021-12-30 10:01:31.168103');
INSERT INTO notification_belongs VALUES(34269,0,9,4412,'2021-12-30 10:01:31.168103','2021-12-30 10:01:31.168103');
INSERT INTO notification_belongs VALUES(34270,0,10,4412,'2021-12-30 10:01:31.168103','2021-12-30 10:01:31.168103');
INSERT INTO notification_belongs VALUES(34271,0,11,4412,'2021-12-30 10:01:31.168103','2021-12-30 10:01:31.168103');
INSERT INTO notification_belongs VALUES(34272,0,12,4412,'2021-12-30 10:01:31.168103','2021-12-30 10:01:31.168103');
INSERT INTO notification_belongs VALUES(34273,0,4,4413,'2021-12-30 10:03:17.258572','2021-12-30 10:03:17.258572');
INSERT INTO notification_belongs VALUES(34274,0,6,4413,'2021-12-30 10:03:17.258572','2021-12-30 10:03:17.258572');
INSERT INTO notification_belongs VALUES(34275,0,7,4413,'2021-12-30 10:03:17.258572','2021-12-30 10:03:17.258572');
INSERT INTO notification_belongs VALUES(34276,0,8,4413,'2021-12-30 10:03:17.258572','2021-12-30 10:03:17.258572');
INSERT INTO notification_belongs VALUES(34277,0,9,4413,'2021-12-30 10:03:17.258572','2021-12-30 10:03:17.258572');
INSERT INTO notification_belongs VALUES(34278,0,10,4413,'2021-12-30 10:03:17.258572','2021-12-30 10:03:17.258572');
INSERT INTO notification_belongs VALUES(34279,0,11,4413,'2021-12-30 10:03:17.258572','2021-12-30 10:03:17.258572');
INSERT INTO notification_belongs VALUES(34280,0,12,4413,'2021-12-30 10:03:17.258572','2021-12-30 10:03:17.258572');
INSERT INTO notification_belongs VALUES(34281,0,4,4414,'2021-12-30 10:04:48.708356','2021-12-30 10:04:48.708356');
INSERT INTO notification_belongs VALUES(34282,0,6,4414,'2021-12-30 10:04:48.708356','2021-12-30 10:04:48.708356');
INSERT INTO notification_belongs VALUES(34283,0,7,4414,'2021-12-30 10:04:48.708356','2021-12-30 10:04:48.708356');
INSERT INTO notification_belongs VALUES(34284,0,8,4414,'2021-12-30 10:04:48.708356','2021-12-30 10:04:48.708356');
INSERT INTO notification_belongs VALUES(34285,0,9,4414,'2021-12-30 10:04:48.708356','2021-12-30 10:04:48.708356');
INSERT INTO notification_belongs VALUES(34286,0,10,4414,'2021-12-30 10:04:48.708356','2021-12-30 10:04:48.708356');
INSERT INTO notification_belongs VALUES(34287,0,11,4414,'2021-12-30 10:04:48.708356','2021-12-30 10:04:48.708356');
INSERT INTO notification_belongs VALUES(34288,0,12,4414,'2021-12-30 10:04:48.708356','2021-12-30 10:04:48.708356');
INSERT INTO notification_belongs VALUES(34289,0,4,4415,'2021-12-30 10:06:50.093078','2021-12-30 10:06:50.093078');
INSERT INTO notification_belongs VALUES(34290,0,6,4415,'2021-12-30 10:06:50.093078','2021-12-30 10:06:50.093078');
INSERT INTO notification_belongs VALUES(34291,0,7,4415,'2021-12-30 10:06:50.093078','2021-12-30 10:06:50.093078');
INSERT INTO notification_belongs VALUES(34292,0,8,4415,'2021-12-30 10:06:50.093078','2021-12-30 10:06:50.093078');
INSERT INTO notification_belongs VALUES(34293,0,9,4415,'2021-12-30 10:06:50.093078','2021-12-30 10:06:50.093078');
INSERT INTO notification_belongs VALUES(34294,0,10,4415,'2021-12-30 10:06:50.093078','2021-12-30 10:06:50.093078');
INSERT INTO notification_belongs VALUES(34295,0,11,4415,'2021-12-30 10:06:50.093078','2021-12-30 10:06:50.093078');
INSERT INTO notification_belongs VALUES(34296,0,12,4415,'2021-12-30 10:06:50.093078','2021-12-30 10:06:50.093078');
INSERT INTO notification_belongs VALUES(34297,0,4,4416,'2021-12-30 10:09:01.211022','2021-12-30 10:09:01.211022');
INSERT INTO notification_belongs VALUES(34298,0,6,4416,'2021-12-30 10:09:01.211022','2021-12-30 10:09:01.211022');
INSERT INTO notification_belongs VALUES(34299,0,7,4416,'2021-12-30 10:09:01.211022','2021-12-30 10:09:01.211022');
INSERT INTO notification_belongs VALUES(34300,0,8,4416,'2021-12-30 10:09:01.211022','2021-12-30 10:09:01.211022');
INSERT INTO notification_belongs VALUES(34301,0,9,4416,'2021-12-30 10:09:01.211022','2021-12-30 10:09:01.211022');
INSERT INTO notification_belongs VALUES(34302,0,10,4416,'2021-12-30 10:09:01.211022','2021-12-30 10:09:01.211022');
INSERT INTO notification_belongs VALUES(34303,0,11,4416,'2021-12-30 10:09:01.211022','2021-12-30 10:09:01.211022');
INSERT INTO notification_belongs VALUES(34304,0,12,4416,'2021-12-30 10:09:01.211022','2021-12-30 10:09:01.211022');
INSERT INTO notification_belongs VALUES(34310,1,4,4422,'2021-12-30 11:11:22.887399','2021-12-30 13:34:41.740736');
INSERT INTO notification_belongs VALUES(34312,0,4,4423,'2021-12-30 15:27:14.712314','2021-12-30 15:27:14.712314');
INSERT INTO notification_belongs VALUES(34313,0,6,4423,'2021-12-30 15:27:14.712314','2021-12-30 15:27:14.712314');
INSERT INTO notification_belongs VALUES(34314,0,7,4423,'2021-12-30 15:27:14.712314','2021-12-30 15:27:14.712314');
INSERT INTO notification_belongs VALUES(34315,0,8,4423,'2021-12-30 15:27:14.712314','2021-12-30 15:27:14.712314');
INSERT INTO notification_belongs VALUES(34316,0,9,4423,'2021-12-30 15:27:14.712314','2021-12-30 15:27:14.712314');
INSERT INTO notification_belongs VALUES(34317,0,10,4423,'2021-12-30 15:27:14.712314','2021-12-30 15:27:14.712314');
INSERT INTO notification_belongs VALUES(34318,0,11,4423,'2021-12-30 15:27:14.712314','2021-12-30 15:27:14.712314');
INSERT INTO notification_belongs VALUES(34319,0,12,4423,'2021-12-30 15:27:14.712314','2021-12-30 15:27:14.712314');
INSERT INTO notification_belongs VALUES(34320,0,4,4424,'2021-12-30 15:31:11.286287','2021-12-30 15:31:11.286287');
INSERT INTO notification_belongs VALUES(34321,0,6,4424,'2021-12-30 15:31:11.286287','2021-12-30 15:31:11.286287');
INSERT INTO notification_belongs VALUES(34322,0,7,4424,'2021-12-30 15:31:11.286287','2021-12-30 15:31:11.286287');
INSERT INTO notification_belongs VALUES(34323,0,8,4424,'2021-12-30 15:31:11.286287','2021-12-30 15:31:11.286287');
INSERT INTO notification_belongs VALUES(34324,0,9,4424,'2021-12-30 15:31:11.286287','2021-12-30 15:31:11.286287');
INSERT INTO notification_belongs VALUES(34325,0,10,4424,'2021-12-30 15:31:11.286287','2021-12-30 15:31:11.286287');
INSERT INTO notification_belongs VALUES(34326,0,11,4424,'2021-12-30 15:31:11.286287','2021-12-30 15:31:11.286287');
INSERT INTO notification_belongs VALUES(34327,0,12,4424,'2021-12-30 15:31:11.286287','2021-12-30 15:31:11.286287');
INSERT INTO notification_belongs VALUES(34328,0,4,4425,'2021-12-30 15:33:02.611444','2021-12-30 15:33:02.611444');
INSERT INTO notification_belongs VALUES(34329,0,6,4425,'2021-12-30 15:33:02.611444','2021-12-30 15:33:02.611444');
INSERT INTO notification_belongs VALUES(34330,0,7,4425,'2021-12-30 15:33:02.611444','2021-12-30 15:33:02.611444');
INSERT INTO notification_belongs VALUES(34331,0,8,4425,'2021-12-30 15:33:02.611444','2021-12-30 15:33:02.611444');
INSERT INTO notification_belongs VALUES(34332,0,9,4425,'2021-12-30 15:33:02.611444','2021-12-30 15:33:02.611444');
INSERT INTO notification_belongs VALUES(34333,0,10,4425,'2021-12-30 15:33:02.611444','2021-12-30 15:33:02.611444');
INSERT INTO notification_belongs VALUES(34334,0,11,4425,'2021-12-30 15:33:02.611444','2021-12-30 15:33:02.611444');
INSERT INTO notification_belongs VALUES(34335,0,12,4425,'2021-12-30 15:33:02.611444','2021-12-30 15:33:02.611444');
INSERT INTO notification_belongs VALUES(34336,0,4,4426,'2021-12-30 15:34:50.983870','2021-12-30 15:34:50.983870');
INSERT INTO notification_belongs VALUES(34337,0,6,4426,'2021-12-30 15:34:50.983870','2021-12-30 15:34:50.983870');
INSERT INTO notification_belongs VALUES(34338,0,7,4426,'2021-12-30 15:34:50.983870','2021-12-30 15:34:50.983870');
INSERT INTO notification_belongs VALUES(34339,0,8,4426,'2021-12-30 15:34:50.983870','2021-12-30 15:34:50.983870');
INSERT INTO notification_belongs VALUES(34340,0,9,4426,'2021-12-30 15:34:50.983870','2021-12-30 15:34:50.983870');
INSERT INTO notification_belongs VALUES(34341,0,10,4426,'2021-12-30 15:34:50.983870','2021-12-30 15:34:50.983870');
INSERT INTO notification_belongs VALUES(34342,0,11,4426,'2021-12-30 15:34:50.983870','2021-12-30 15:34:50.983870');
INSERT INTO notification_belongs VALUES(34343,0,12,4426,'2021-12-30 15:34:50.983870','2021-12-30 15:34:50.983870');
INSERT INTO notification_belongs VALUES(34344,0,4,4427,'2021-12-30 15:36:15.009028','2021-12-30 15:36:15.009028');
INSERT INTO notification_belongs VALUES(34345,0,6,4427,'2021-12-30 15:36:15.009028','2021-12-30 15:36:15.009028');
INSERT INTO notification_belongs VALUES(34346,0,7,4427,'2021-12-30 15:36:15.009028','2021-12-30 15:36:15.009028');
INSERT INTO notification_belongs VALUES(34347,0,8,4427,'2021-12-30 15:36:15.009028','2021-12-30 15:36:15.009028');
INSERT INTO notification_belongs VALUES(34348,0,9,4427,'2021-12-30 15:36:15.009028','2021-12-30 15:36:15.009028');
INSERT INTO notification_belongs VALUES(34349,0,10,4427,'2021-12-30 15:36:15.009028','2021-12-30 15:36:15.009028');
INSERT INTO notification_belongs VALUES(34350,0,11,4427,'2021-12-30 15:36:15.009028','2021-12-30 15:36:15.009028');
INSERT INTO notification_belongs VALUES(34351,0,12,4427,'2021-12-30 15:36:15.009028','2021-12-30 15:36:15.009028');
INSERT INTO notification_belongs VALUES(34352,0,4,4428,'2021-12-30 15:37:49.083024','2021-12-30 15:37:49.083024');
INSERT INTO notification_belongs VALUES(34353,0,6,4428,'2021-12-30 15:37:49.083024','2021-12-30 15:37:49.083024');
INSERT INTO notification_belongs VALUES(34354,0,7,4428,'2021-12-30 15:37:49.083024','2021-12-30 15:37:49.083024');
INSERT INTO notification_belongs VALUES(34355,0,8,4428,'2021-12-30 15:37:49.083024','2021-12-30 15:37:49.083024');
INSERT INTO notification_belongs VALUES(34356,0,9,4428,'2021-12-30 15:37:49.083024','2021-12-30 15:37:49.083024');
INSERT INTO notification_belongs VALUES(34357,0,10,4428,'2021-12-30 15:37:49.083024','2021-12-30 15:37:49.083024');
INSERT INTO notification_belongs VALUES(34358,0,11,4428,'2021-12-30 15:37:49.083024','2021-12-30 15:37:49.083024');
INSERT INTO notification_belongs VALUES(34359,0,12,4428,'2021-12-30 15:37:49.083024','2021-12-30 15:37:49.083024');
INSERT INTO notification_belongs VALUES(34360,0,4,4429,'2021-12-30 15:40:31.995573','2021-12-30 15:40:31.995573');
INSERT INTO notification_belongs VALUES(34361,0,6,4429,'2021-12-30 15:40:31.995573','2021-12-30 15:40:31.995573');
INSERT INTO notification_belongs VALUES(34362,0,7,4429,'2021-12-30 15:40:31.995573','2021-12-30 15:40:31.995573');
INSERT INTO notification_belongs VALUES(34363,0,8,4429,'2021-12-30 15:40:31.995573','2021-12-30 15:40:31.995573');
INSERT INTO notification_belongs VALUES(34364,0,9,4429,'2021-12-30 15:40:31.995573','2021-12-30 15:40:31.995573');
INSERT INTO notification_belongs VALUES(34365,0,10,4429,'2021-12-30 15:40:31.995573','2021-12-30 15:40:31.995573');
INSERT INTO notification_belongs VALUES(34366,0,11,4429,'2021-12-30 15:40:31.995573','2021-12-30 15:40:31.995573');
INSERT INTO notification_belongs VALUES(34367,0,12,4429,'2021-12-30 15:40:31.995573','2021-12-30 15:40:31.995573');
INSERT INTO notification_belongs VALUES(34368,0,4,4430,'2021-12-30 17:19:06.037053','2021-12-30 17:19:06.037053');
INSERT INTO notification_belongs VALUES(34369,0,6,4430,'2021-12-30 17:19:06.037053','2021-12-30 17:19:06.037053');
INSERT INTO notification_belongs VALUES(34370,0,7,4430,'2021-12-30 17:19:06.037053','2021-12-30 17:19:06.037053');
INSERT INTO notification_belongs VALUES(34371,0,8,4430,'2021-12-30 17:19:06.037053','2021-12-30 17:19:06.037053');
INSERT INTO notification_belongs VALUES(34372,0,9,4430,'2021-12-30 17:19:06.037053','2021-12-30 17:19:06.037053');
INSERT INTO notification_belongs VALUES(34373,0,10,4430,'2021-12-30 17:19:06.037053','2021-12-30 17:19:06.037053');
INSERT INTO notification_belongs VALUES(34374,0,11,4430,'2021-12-30 17:19:06.037053','2021-12-30 17:19:06.037053');
INSERT INTO notification_belongs VALUES(34375,0,12,4430,'2021-12-30 17:19:06.037053','2021-12-30 17:19:06.037053');
INSERT INTO notification_belongs VALUES(34376,0,4,4431,'2021-12-30 17:22:58.366354','2021-12-30 17:22:58.366354');
INSERT INTO notification_belongs VALUES(34377,0,6,4431,'2021-12-30 17:22:58.366354','2021-12-30 17:22:58.366354');
INSERT INTO notification_belongs VALUES(34378,0,7,4431,'2021-12-30 17:22:58.366354','2021-12-30 17:22:58.366354');
INSERT INTO notification_belongs VALUES(34379,0,8,4431,'2021-12-30 17:22:58.366354','2021-12-30 17:22:58.366354');
INSERT INTO notification_belongs VALUES(34380,0,9,4431,'2021-12-30 17:22:58.366354','2021-12-30 17:22:58.366354');
INSERT INTO notification_belongs VALUES(34381,0,10,4431,'2021-12-30 17:22:58.366354','2021-12-30 17:22:58.366354');
INSERT INTO notification_belongs VALUES(34382,0,11,4431,'2021-12-30 17:22:58.366354','2021-12-30 17:22:58.366354');
INSERT INTO notification_belongs VALUES(34383,0,12,4431,'2021-12-30 17:22:58.366354','2021-12-30 17:22:58.366354');
INSERT INTO notification_belongs VALUES(34384,0,4,4432,'2021-12-30 17:24:36.609108','2021-12-30 17:24:36.609108');
INSERT INTO notification_belongs VALUES(34385,0,6,4432,'2021-12-30 17:24:36.609108','2021-12-30 17:24:36.609108');
INSERT INTO notification_belongs VALUES(34386,0,7,4432,'2021-12-30 17:24:36.609108','2021-12-30 17:24:36.609108');
INSERT INTO notification_belongs VALUES(34387,0,8,4432,'2021-12-30 17:24:36.609108','2021-12-30 17:24:36.609108');
INSERT INTO notification_belongs VALUES(34388,0,9,4432,'2021-12-30 17:24:36.609108','2021-12-30 17:24:36.609108');
INSERT INTO notification_belongs VALUES(34389,0,10,4432,'2021-12-30 17:24:36.609108','2021-12-30 17:24:36.609108');
INSERT INTO notification_belongs VALUES(34390,0,11,4432,'2021-12-30 17:24:36.609108','2021-12-30 17:24:36.609108');
INSERT INTO notification_belongs VALUES(34391,0,12,4432,'2021-12-30 17:24:36.609108','2021-12-30 17:24:36.609108');
INSERT INTO notification_belongs VALUES(34392,0,4,4433,'2021-12-30 17:25:56.608923','2021-12-30 17:25:56.608923');
INSERT INTO notification_belongs VALUES(34393,0,6,4433,'2021-12-30 17:25:56.608923','2021-12-30 17:25:56.608923');
INSERT INTO notification_belongs VALUES(34394,0,7,4433,'2021-12-30 17:25:56.608923','2021-12-30 17:25:56.608923');
INSERT INTO notification_belongs VALUES(34395,0,8,4433,'2021-12-30 17:25:56.608923','2021-12-30 17:25:56.608923');
INSERT INTO notification_belongs VALUES(34396,0,9,4433,'2021-12-30 17:25:56.608923','2021-12-30 17:25:56.608923');
INSERT INTO notification_belongs VALUES(34397,0,10,4433,'2021-12-30 17:25:56.608923','2021-12-30 17:25:56.608923');
INSERT INTO notification_belongs VALUES(34398,0,11,4433,'2021-12-30 17:25:56.608923','2021-12-30 17:25:56.608923');
INSERT INTO notification_belongs VALUES(34399,0,12,4433,'2021-12-30 17:25:56.608923','2021-12-30 17:25:56.608923');
INSERT INTO notification_belongs VALUES(34400,0,4,4434,'2021-12-30 17:28:06.261750','2021-12-30 17:28:06.261750');
INSERT INTO notification_belongs VALUES(34401,0,6,4434,'2021-12-30 17:28:06.261750','2021-12-30 17:28:06.261750');
INSERT INTO notification_belongs VALUES(34402,0,7,4434,'2021-12-30 17:28:06.261750','2021-12-30 17:28:06.261750');
INSERT INTO notification_belongs VALUES(34403,0,8,4434,'2021-12-30 17:28:06.261750','2021-12-30 17:28:06.261750');
INSERT INTO notification_belongs VALUES(34404,0,9,4434,'2021-12-30 17:28:06.261750','2021-12-30 17:28:06.261750');
INSERT INTO notification_belongs VALUES(34405,0,10,4434,'2021-12-30 17:28:06.261750','2021-12-30 17:28:06.261750');
INSERT INTO notification_belongs VALUES(34406,0,11,4434,'2021-12-30 17:28:06.261750','2021-12-30 17:28:06.261750');
INSERT INTO notification_belongs VALUES(34407,0,12,4434,'2021-12-30 17:28:06.261750','2021-12-30 17:28:06.261750');
INSERT INTO notification_belongs VALUES(34408,0,4,4435,'2021-12-30 17:32:25.243127','2021-12-30 17:32:25.243127');
INSERT INTO notification_belongs VALUES(34409,0,6,4435,'2021-12-30 17:32:25.243127','2021-12-30 17:32:25.243127');
INSERT INTO notification_belongs VALUES(34410,0,7,4435,'2021-12-30 17:32:25.243127','2021-12-30 17:32:25.243127');
INSERT INTO notification_belongs VALUES(34411,0,8,4435,'2021-12-30 17:32:25.243127','2021-12-30 17:32:25.243127');
INSERT INTO notification_belongs VALUES(34412,0,9,4435,'2021-12-30 17:32:25.243127','2021-12-30 17:32:25.243127');
INSERT INTO notification_belongs VALUES(34413,0,10,4435,'2021-12-30 17:32:25.243127','2021-12-30 17:32:25.243127');
INSERT INTO notification_belongs VALUES(34414,0,11,4435,'2021-12-30 17:32:25.243127','2021-12-30 17:32:25.243127');
INSERT INTO notification_belongs VALUES(34415,0,12,4435,'2021-12-30 17:32:25.243127','2021-12-30 17:32:25.243127');
INSERT INTO notification_belongs VALUES(34416,0,4,4436,'2021-12-30 17:35:53.231745','2021-12-30 17:35:53.231745');
INSERT INTO notification_belongs VALUES(34417,0,6,4436,'2021-12-30 17:35:53.231745','2021-12-30 17:35:53.231745');
INSERT INTO notification_belongs VALUES(34418,0,7,4436,'2021-12-30 17:35:53.231745','2021-12-30 17:35:53.231745');
INSERT INTO notification_belongs VALUES(34419,0,8,4436,'2021-12-30 17:35:53.231745','2021-12-30 17:35:53.231745');
INSERT INTO notification_belongs VALUES(34420,0,9,4436,'2021-12-30 17:35:53.231745','2021-12-30 17:35:53.231745');
INSERT INTO notification_belongs VALUES(34421,0,10,4436,'2021-12-30 17:35:53.231745','2021-12-30 17:35:53.231745');
INSERT INTO notification_belongs VALUES(34422,0,11,4436,'2021-12-30 17:35:53.231745','2021-12-30 17:35:53.231745');
INSERT INTO notification_belongs VALUES(34423,0,12,4436,'2021-12-30 17:35:53.231745','2021-12-30 17:35:53.231745');
INSERT INTO notification_belongs VALUES(34424,0,4,4437,'2021-12-30 17:52:45.383686','2021-12-30 17:52:45.383686');
INSERT INTO notification_belongs VALUES(34425,0,6,4437,'2021-12-30 17:52:45.383686','2021-12-30 17:52:45.383686');
INSERT INTO notification_belongs VALUES(34426,0,7,4437,'2021-12-30 17:52:45.383686','2021-12-30 17:52:45.383686');
INSERT INTO notification_belongs VALUES(34427,0,8,4437,'2021-12-30 17:52:45.383686','2021-12-30 17:52:45.383686');
INSERT INTO notification_belongs VALUES(34428,0,9,4437,'2021-12-30 17:52:45.383686','2021-12-30 17:52:45.383686');
INSERT INTO notification_belongs VALUES(34429,0,10,4437,'2021-12-30 17:52:45.383686','2021-12-30 17:52:45.383686');
INSERT INTO notification_belongs VALUES(34430,0,11,4437,'2021-12-30 17:52:45.383686','2021-12-30 17:52:45.383686');
INSERT INTO notification_belongs VALUES(34431,0,12,4437,'2021-12-30 17:52:45.383686','2021-12-30 17:52:45.383686');
INSERT INTO notification_belongs VALUES(34432,0,4,4438,'2021-12-30 18:02:08.435695','2021-12-30 18:02:08.435695');
INSERT INTO notification_belongs VALUES(34433,0,6,4438,'2021-12-30 18:02:08.435695','2021-12-30 18:02:08.435695');
INSERT INTO notification_belongs VALUES(34434,0,7,4438,'2021-12-30 18:02:08.435695','2021-12-30 18:02:08.435695');
INSERT INTO notification_belongs VALUES(34435,0,8,4438,'2021-12-30 18:02:08.435695','2021-12-30 18:02:08.435695');
INSERT INTO notification_belongs VALUES(34436,0,9,4438,'2021-12-30 18:02:08.435695','2021-12-30 18:02:08.435695');
INSERT INTO notification_belongs VALUES(34437,0,10,4438,'2021-12-30 18:02:08.435695','2021-12-30 18:02:08.435695');
INSERT INTO notification_belongs VALUES(34438,0,11,4438,'2021-12-30 18:02:08.435695','2021-12-30 18:02:08.435695');
INSERT INTO notification_belongs VALUES(34439,0,12,4438,'2021-12-30 18:02:08.435695','2021-12-30 18:02:08.435695');
INSERT INTO notification_belongs VALUES(34440,0,4,4439,'2021-12-30 18:03:30.196005','2021-12-30 18:03:30.196005');
INSERT INTO notification_belongs VALUES(34441,0,6,4439,'2021-12-30 18:03:30.196005','2021-12-30 18:03:30.196005');
INSERT INTO notification_belongs VALUES(34442,0,7,4439,'2021-12-30 18:03:30.196005','2021-12-30 18:03:30.196005');
INSERT INTO notification_belongs VALUES(34443,0,8,4439,'2021-12-30 18:03:30.196005','2021-12-30 18:03:30.196005');
INSERT INTO notification_belongs VALUES(34444,0,9,4439,'2021-12-30 18:03:30.196005','2021-12-30 18:03:30.196005');
INSERT INTO notification_belongs VALUES(34445,0,10,4439,'2021-12-30 18:03:30.196005','2021-12-30 18:03:30.196005');
INSERT INTO notification_belongs VALUES(34446,0,11,4439,'2021-12-30 18:03:30.196005','2021-12-30 18:03:30.196005');
INSERT INTO notification_belongs VALUES(34447,0,12,4439,'2021-12-30 18:03:30.196005','2021-12-30 18:03:30.196005');
INSERT INTO notification_belongs VALUES(34448,0,4,4440,'2021-12-30 18:05:20.503266','2021-12-30 18:05:20.503266');
INSERT INTO notification_belongs VALUES(34449,0,6,4440,'2021-12-30 18:05:20.503266','2021-12-30 18:05:20.503266');
INSERT INTO notification_belongs VALUES(34450,0,7,4440,'2021-12-30 18:05:20.503266','2021-12-30 18:05:20.503266');
INSERT INTO notification_belongs VALUES(34451,0,8,4440,'2021-12-30 18:05:20.503266','2021-12-30 18:05:20.503266');
INSERT INTO notification_belongs VALUES(34452,0,9,4440,'2021-12-30 18:05:20.503266','2021-12-30 18:05:20.503266');
INSERT INTO notification_belongs VALUES(34453,0,10,4440,'2021-12-30 18:05:20.503266','2021-12-30 18:05:20.503266');
INSERT INTO notification_belongs VALUES(34454,0,11,4440,'2021-12-30 18:05:20.503266','2021-12-30 18:05:20.503266');
INSERT INTO notification_belongs VALUES(34455,0,12,4440,'2021-12-30 18:05:20.503266','2021-12-30 18:05:20.503266');
INSERT INTO notification_belongs VALUES(34456,0,4,4441,'2021-12-30 18:07:12.953372','2021-12-30 18:07:12.953372');
INSERT INTO notification_belongs VALUES(34457,0,6,4441,'2021-12-30 18:07:12.953372','2021-12-30 18:07:12.953372');
INSERT INTO notification_belongs VALUES(34458,0,7,4441,'2021-12-30 18:07:12.953372','2021-12-30 18:07:12.953372');
INSERT INTO notification_belongs VALUES(34459,0,8,4441,'2021-12-30 18:07:12.953372','2021-12-30 18:07:12.953372');
INSERT INTO notification_belongs VALUES(34460,0,9,4441,'2021-12-30 18:07:12.953372','2021-12-30 18:07:12.953372');
INSERT INTO notification_belongs VALUES(34461,0,10,4441,'2021-12-30 18:07:12.953372','2021-12-30 18:07:12.953372');
INSERT INTO notification_belongs VALUES(34462,0,11,4441,'2021-12-30 18:07:12.953372','2021-12-30 18:07:12.953372');
INSERT INTO notification_belongs VALUES(34463,0,12,4441,'2021-12-30 18:07:12.953372','2021-12-30 18:07:12.953372');
INSERT INTO notification_belongs VALUES(34464,0,4,4442,'2021-12-30 18:08:55.695155','2021-12-30 18:08:55.695155');
INSERT INTO notification_belongs VALUES(34465,0,6,4442,'2021-12-30 18:08:55.695155','2021-12-30 18:08:55.695155');
INSERT INTO notification_belongs VALUES(34466,0,7,4442,'2021-12-30 18:08:55.695155','2021-12-30 18:08:55.695155');
INSERT INTO notification_belongs VALUES(34467,0,8,4442,'2021-12-30 18:08:55.695155','2021-12-30 18:08:55.695155');
INSERT INTO notification_belongs VALUES(34468,0,9,4442,'2021-12-30 18:08:55.695155','2021-12-30 18:08:55.695155');
INSERT INTO notification_belongs VALUES(34469,0,10,4442,'2021-12-30 18:08:55.695155','2021-12-30 18:08:55.695155');
INSERT INTO notification_belongs VALUES(34470,0,11,4442,'2021-12-30 18:08:55.695155','2021-12-30 18:08:55.695155');
INSERT INTO notification_belongs VALUES(34471,0,12,4442,'2021-12-30 18:08:55.695155','2021-12-30 18:08:55.695155');
INSERT INTO notification_belongs VALUES(34472,0,4,4443,'2021-12-30 18:10:39.128337','2021-12-30 18:10:39.128337');
INSERT INTO notification_belongs VALUES(34473,0,6,4443,'2021-12-30 18:10:39.128337','2021-12-30 18:10:39.128337');
INSERT INTO notification_belongs VALUES(34474,0,7,4443,'2021-12-30 18:10:39.128337','2021-12-30 18:10:39.128337');
INSERT INTO notification_belongs VALUES(34475,0,8,4443,'2021-12-30 18:10:39.128337','2021-12-30 18:10:39.128337');
INSERT INTO notification_belongs VALUES(34476,0,9,4443,'2021-12-30 18:10:39.128337','2021-12-30 18:10:39.128337');
INSERT INTO notification_belongs VALUES(34477,0,10,4443,'2021-12-30 18:10:39.128337','2021-12-30 18:10:39.128337');
INSERT INTO notification_belongs VALUES(34478,0,11,4443,'2021-12-30 18:10:39.128337','2021-12-30 18:10:39.128337');
INSERT INTO notification_belongs VALUES(34479,0,12,4443,'2021-12-30 18:10:39.128337','2021-12-30 18:10:39.128337');
INSERT INTO notification_belongs VALUES(34480,0,4,4444,'2021-12-30 18:12:13.010942','2021-12-30 18:12:13.010942');
INSERT INTO notification_belongs VALUES(34481,0,6,4444,'2021-12-30 18:12:13.010942','2021-12-30 18:12:13.010942');
INSERT INTO notification_belongs VALUES(34482,0,7,4444,'2021-12-30 18:12:13.010942','2021-12-30 18:12:13.010942');
INSERT INTO notification_belongs VALUES(34483,0,8,4444,'2021-12-30 18:12:13.010942','2021-12-30 18:12:13.010942');
INSERT INTO notification_belongs VALUES(34484,0,9,4444,'2021-12-30 18:12:13.010942','2021-12-30 18:12:13.010942');
INSERT INTO notification_belongs VALUES(34485,0,10,4444,'2021-12-30 18:12:13.010942','2021-12-30 18:12:13.010942');
INSERT INTO notification_belongs VALUES(34486,0,11,4444,'2021-12-30 18:12:13.010942','2021-12-30 18:12:13.010942');
INSERT INTO notification_belongs VALUES(34487,0,12,4444,'2021-12-30 18:12:13.010942','2021-12-30 18:12:13.010942');
INSERT INTO notification_belongs VALUES(34560,0,4,4445,'2021-12-30 19:53:03.657716','2021-12-30 19:53:03.657716');
INSERT INTO notification_belongs VALUES(34561,0,6,4445,'2021-12-30 19:53:03.657716','2021-12-30 19:53:03.657716');
INSERT INTO notification_belongs VALUES(34562,0,7,4445,'2021-12-30 19:53:03.657716','2021-12-30 19:53:03.657716');
INSERT INTO notification_belongs VALUES(34563,0,8,4445,'2021-12-30 19:53:03.657716','2021-12-30 19:53:03.657716');
INSERT INTO notification_belongs VALUES(34564,0,9,4445,'2021-12-30 19:53:03.657716','2021-12-30 19:53:03.657716');
INSERT INTO notification_belongs VALUES(34565,0,10,4445,'2021-12-30 19:53:03.657716','2021-12-30 19:53:03.657716');
INSERT INTO notification_belongs VALUES(34566,0,11,4445,'2021-12-30 19:53:03.657716','2021-12-30 19:53:03.657716');
INSERT INTO notification_belongs VALUES(34567,0,12,4445,'2021-12-30 19:53:03.657716','2021-12-30 19:53:03.657716');
INSERT INTO notification_belongs VALUES(34572,1,4,4448,'2021-12-31 07:51:32.241825','2022-01-01 12:21:12.657586');
INSERT INTO notification_belongs VALUES(34573,0,6,4448,'2021-12-31 07:51:32.241825','2021-12-31 07:51:32.241825');
INSERT INTO notification_belongs VALUES(34574,1,7,4448,'2021-12-31 07:51:32.241825','2022-01-04 05:08:28.006529');
INSERT INTO notification_belongs VALUES(34575,0,8,4448,'2021-12-31 07:51:32.241825','2021-12-31 07:51:32.241825');
INSERT INTO notification_belongs VALUES(34576,0,9,4448,'2021-12-31 07:51:32.241825','2021-12-31 07:51:32.241825');
INSERT INTO notification_belongs VALUES(34577,0,10,4448,'2021-12-31 07:51:32.241825','2021-12-31 07:51:32.241825');
INSERT INTO notification_belongs VALUES(34578,0,11,4448,'2021-12-31 07:51:32.241825','2021-12-31 07:51:32.241825');
INSERT INTO notification_belongs VALUES(34579,0,12,4448,'2021-12-31 07:51:32.241825','2021-12-31 07:51:32.241825');
INSERT INTO notification_belongs VALUES(34582,1,4,4449,'2022-01-01 12:20:03.853598','2022-01-01 12:20:20.547052');
INSERT INTO notification_belongs VALUES(34583,0,4,4450,'2022-01-01 12:53:25.886751','2022-01-01 12:53:25.886751');
INSERT INTO notification_belongs VALUES(34584,0,4,4451,'2022-01-01 12:54:33.845482','2022-01-01 12:54:33.845482');
INSERT INTO notification_belongs VALUES(34585,0,4,4452,'2022-01-02 10:59:04.931067','2022-01-02 10:59:04.931067');
INSERT INTO notification_belongs VALUES(34586,1,4,4453,'2022-01-02 11:00:33.326556','2022-01-02 11:00:52.440416');
INSERT INTO notification_belongs VALUES(34587,0,4,4454,'2022-01-02 11:30:50.822157','2022-01-02 11:30:50.822157');
INSERT INTO notification_belongs VALUES(34591,0,4,4457,'2022-01-04 04:53:49.348010','2022-01-04 04:53:49.348010');
INSERT INTO notification_belongs VALUES(34592,0,4,4458,'2022-01-04 04:57:26.497449','2022-01-04 04:57:26.497449');
INSERT INTO notification_belongs VALUES(34593,0,4,4459,'2022-01-04 04:57:54.257518','2022-01-04 04:57:54.257518');
INSERT INTO notification_belongs VALUES(34594,0,4,4460,'2022-01-04 04:58:44.083576','2022-01-04 04:58:44.083576');
INSERT INTO notification_belongs VALUES(34595,0,4,4461,'2022-01-04 07:26:07.128740','2022-01-04 07:26:07.128740');
INSERT INTO notification_belongs VALUES(34596,0,8,4461,'2022-01-04 07:26:07.128740','2022-01-04 07:26:07.128740');
INSERT INTO notification_belongs VALUES(34597,0,9,4461,'2022-01-04 07:26:07.128740','2022-01-04 07:26:07.128740');
INSERT INTO notification_belongs VALUES(34598,0,11,4461,'2022-01-04 07:26:07.128740','2022-01-04 07:26:07.128740');
INSERT INTO notification_belongs VALUES(34599,0,12,4461,'2022-01-04 07:26:07.128740','2022-01-04 07:26:07.128740');
INSERT INTO notification_belongs VALUES(34600,0,10,4461,'2022-01-04 07:26:07.128740','2022-01-04 07:26:07.128740');
INSERT INTO notification_belongs VALUES(34601,0,7,4461,'2022-01-04 07:26:07.128740','2022-01-04 07:26:07.128740');
INSERT INTO notification_belongs VALUES(34602,0,6,4461,'2022-01-04 07:26:07.128740','2022-01-04 07:26:07.128740');
INSERT INTO notification_belongs VALUES(34603,0,4,4462,'2022-01-04 07:26:27.416181','2022-01-04 07:26:27.416181');
INSERT INTO notification_belongs VALUES(34604,0,8,4462,'2022-01-04 07:26:27.416181','2022-01-04 07:26:27.416181');
INSERT INTO notification_belongs VALUES(34605,0,9,4462,'2022-01-04 07:26:27.416181','2022-01-04 07:26:27.416181');
INSERT INTO notification_belongs VALUES(34606,0,11,4462,'2022-01-04 07:26:27.416181','2022-01-04 07:26:27.416181');
INSERT INTO notification_belongs VALUES(34607,0,12,4462,'2022-01-04 07:26:27.416181','2022-01-04 07:26:27.416181');
INSERT INTO notification_belongs VALUES(34608,0,10,4462,'2022-01-04 07:26:27.416181','2022-01-04 07:26:27.416181');
INSERT INTO notification_belongs VALUES(34609,0,7,4462,'2022-01-04 07:26:27.416181','2022-01-04 07:26:27.416181');
INSERT INTO notification_belongs VALUES(34610,0,6,4462,'2022-01-04 07:26:27.416181','2022-01-04 07:26:27.416181');
INSERT INTO notification_belongs VALUES(34611,1,4,4463,'2022-01-04 07:26:53.355132','2022-01-04 07:38:15.549625');
INSERT INTO notification_belongs VALUES(34612,0,8,4463,'2022-01-04 07:26:53.355132','2022-01-04 07:26:53.355132');
INSERT INTO notification_belongs VALUES(34613,0,9,4463,'2022-01-04 07:26:53.355132','2022-01-04 07:26:53.355132');
INSERT INTO notification_belongs VALUES(34614,0,11,4463,'2022-01-04 07:26:53.355132','2022-01-04 07:26:53.355132');
INSERT INTO notification_belongs VALUES(34615,0,12,4463,'2022-01-04 07:26:53.355132','2022-01-04 07:26:53.355132');
INSERT INTO notification_belongs VALUES(34616,0,10,4463,'2022-01-04 07:26:53.355132','2022-01-04 07:26:53.355132');
INSERT INTO notification_belongs VALUES(34617,0,7,4463,'2022-01-04 07:26:53.355132','2022-01-04 07:26:53.355132');
INSERT INTO notification_belongs VALUES(34618,0,6,4463,'2022-01-04 07:26:53.355132','2022-01-04 07:26:53.355132');
INSERT INTO notification_belongs VALUES(34619,0,4,4464,'2022-01-04 07:27:08.899875','2022-01-04 07:27:08.899875');
INSERT INTO notification_belongs VALUES(34620,0,4,4465,'2022-01-04 07:28:15.530523','2022-01-04 07:28:15.530523');
INSERT INTO notification_belongs VALUES(34621,0,4,4466,'2022-01-04 07:29:11.187138','2022-01-04 07:29:11.187138');
INSERT INTO notification_belongs VALUES(34622,0,4,4467,'2022-01-04 07:36:04.401028','2022-01-04 07:36:04.401028');
INSERT INTO notification_belongs VALUES(34623,0,4,4468,'2022-01-04 07:37:33.850900','2022-01-04 07:37:33.850900');
INSERT INTO notification_belongs VALUES(34624,0,4,4469,'2022-01-04 07:40:47.089792','2022-01-04 07:40:47.089792');
INSERT INTO notification_belongs VALUES(34625,0,4,4470,'2022-01-04 07:42:01.763380','2022-01-04 07:42:01.763380');
INSERT INTO notification_belongs VALUES(34626,0,8,4470,'2022-01-04 07:42:01.763380','2022-01-04 07:42:01.763380');
INSERT INTO notification_belongs VALUES(34627,0,9,4470,'2022-01-04 07:42:01.763380','2022-01-04 07:42:01.763380');
INSERT INTO notification_belongs VALUES(34628,0,11,4470,'2022-01-04 07:42:01.763380','2022-01-04 07:42:01.763380');
INSERT INTO notification_belongs VALUES(34629,0,13,4470,'2022-01-04 07:42:01.763380','2022-01-04 07:42:01.763380');
INSERT INTO notification_belongs VALUES(34630,0,10,4470,'2022-01-04 07:42:01.763380','2022-01-04 07:42:01.763380');
INSERT INTO notification_belongs VALUES(34631,0,7,4470,'2022-01-04 07:42:01.763380','2022-01-04 07:42:01.763380');
INSERT INTO notification_belongs VALUES(34632,0,6,4470,'2022-01-04 07:42:01.763380','2022-01-04 07:42:01.763380');
INSERT INTO notification_belongs VALUES(34633,0,12,4470,'2022-01-04 07:42:01.763380','2022-01-04 07:42:01.763380');
INSERT INTO notification_belongs VALUES(34634,0,4,4471,'2022-01-04 07:43:59.019041','2022-01-04 07:43:59.019041');
INSERT INTO notification_belongs VALUES(34635,0,4,4472,'2022-01-04 07:44:56.429730','2022-01-04 07:44:56.429730');
CREATE TABLE IF NOT EXISTS "active_storage_blobs" ("id" integer PRIMARY KEY AUTOINCREMENT NOT NULL, "key" varchar NOT NULL, "filename" varchar NOT NULL, "content_type" varchar, "metadata" text, "service_name" varchar NOT NULL, "byte_size" bigint NOT NULL, "checksum" varchar NOT NULL, "created_at" datetime NOT NULL);
INSERT INTO active_storage_blobs VALUES(11,'yden4e8p7u15patnzit5iye9ihet','3rdsem.jpg','image/jpeg','{"identified":true,"analyzed":true}','local',463119,'iOW/A5eF2BqprrJFTi04bg==','2021-12-21 07:56:24.186984');
INSERT INTO active_storage_blobs VALUES(15,'jix7pc0dbooiazasb0bhgqz89h8u','Nivea_logo.svg.png','image/png','{"identified":true,"analyzed":true}','local',29745,'9GSfQmjx5jmoLfPqIzln9Q==','2021-12-21 09:25:53.137445');
INSERT INTO active_storage_blobs VALUES(52,'vftmbpozgk0k2guc905rvljdac9a','816G7uE7ELL._SL1500_ - Copy.jpg','image/jpeg','{"identified":true,"analyzed":true}','local',32103,'8zkTrS1H75QZpJF9t3tOsw==','2021-12-22 05:01:03.968364');
INSERT INTO active_storage_blobs VALUES(53,'2ydogh5own5y3dzfklfczr9p88rx','816G7uE7ELL._SL1500_.jpg','image/jpeg','{"identified":true,"analyzed":true}','local',32103,'8zkTrS1H75QZpJF9t3tOsw==','2021-12-22 05:01:03.981771');
INSERT INTO active_storage_blobs VALUES(54,'vlkoel8t61ugn579u8ukfr6v5qpp','download (1).jpg','image/jpeg','{"identified":true,"analyzed":true}','local',8176,'NfNGDhHGGCo9aL+7ma4BvA==','2021-12-22 05:01:03.994587');
INSERT INTO active_storage_blobs VALUES(55,'ptpo9itzrc3q4vbbc5lghx5tq6kh','download (2).jpg','image/jpeg','{"identified":true,"analyzed":true}','local',4107,'k4LfFsC5/nSiIUOSMxHTTQ==','2021-12-22 05:01:04.007503');
INSERT INTO active_storage_blobs VALUES(56,'80c1jro35a3fgc0udln40lrc83t6','download.jpg','image/jpeg','{"identified":true,"analyzed":true}','local',38644,'2ObTx1aZHspH5ncIa/hjUA==','2021-12-22 05:01:04.021260');
INSERT INTO active_storage_blobs VALUES(60,'4bilxzn6kln261hfqbgrbxl4wsgb','816G7uE7ELL._SL1500_ - Copy.jpg','image/jpeg','{"identified":true,"analyzed":true}','local',32103,'8zkTrS1H75QZpJF9t3tOsw==','2021-12-22 07:25:47.113866');
INSERT INTO active_storage_blobs VALUES(61,'13srinwftia4k8tyltzhya2jwu54','download (1).jpg','image/jpeg','{"identified":true,"analyzed":true}','local',8176,'NfNGDhHGGCo9aL+7ma4BvA==','2021-12-22 07:34:27.511312');
INSERT INTO active_storage_blobs VALUES(62,'fm77hn6pb6svv77p91mdxncssf1x','816G7uE7ELL._SL1500_ - Copy.jpg','image/jpeg','{"identified":true,"analyzed":true}','local',32103,'8zkTrS1H75QZpJF9t3tOsw==','2021-12-22 07:34:47.757903');
INSERT INTO active_storage_blobs VALUES(63,'g8ks35zxjy92ri37vnt799oliu84','816G7uE7ELL._SL1500_.jpg','image/jpeg','{"identified":true,"analyzed":true}','local',32103,'8zkTrS1H75QZpJF9t3tOsw==','2021-12-22 07:34:47.776741');
INSERT INTO active_storage_blobs VALUES(64,'sauezbzc9vfqzbkbaqxb39or03fy','download (1).jpg','image/jpeg','{"identified":true,"analyzed":true}','local',8176,'NfNGDhHGGCo9aL+7ma4BvA==','2021-12-22 07:34:47.805928');
INSERT INTO active_storage_blobs VALUES(65,'ipdgn3a054z7g5qj86vr79v5n5zx','download (1).jpg','image/jpeg','{"identified":true}','amazon',8176,'NfNGDhHGGCo9aL+7ma4BvA==','2021-12-22 07:42:48.425054');
INSERT INTO active_storage_blobs VALUES(66,'t2900j5he2vsmsv0dvxhym8de17h','download (2).jpg','image/jpeg','{"identified":true}','amazon',4107,'k4LfFsC5/nSiIUOSMxHTTQ==','2021-12-22 07:42:48.440918');
INSERT INTO active_storage_blobs VALUES(67,'ddba00hbzuxptck6s0fl4cu9gvy0','download.jpg','image/jpeg','{"identified":true}','amazon',38644,'2ObTx1aZHspH5ncIa/hjUA==','2021-12-22 07:42:48.455961');
INSERT INTO active_storage_blobs VALUES(115,'cwd2bck364xhvmluis3hfeau46pq','header-new-garnier-logo.png','image/png','{"identified":true,"analyzed":true}','amazon',34869,'Rw5zoa3s7MEvtV5lN/fsnw==','2021-12-22 18:19:40.787734');
INSERT INTO active_storage_blobs VALUES(132,'dhtmf0ns96k35ow6n4cfwa82wiqq','816G7uE7ELL._SL1500_ - Copy.jpg','image/jpeg','{"identified":true,"analyzed":true}','amazon',32103,'8zkTrS1H75QZpJF9t3tOsw==','2021-12-28 13:46:24.492315');
INSERT INTO active_storage_blobs VALUES(133,'2xder9p3sy9n7bev6b49n6qai8px','816G7uE7ELL._SL1500_.jpg','image/jpeg','{"identified":true,"analyzed":true}','amazon',32103,'8zkTrS1H75QZpJF9t3tOsw==','2021-12-28 13:46:24.542213');
INSERT INTO active_storage_blobs VALUES(134,'dvcagcdv81awjlbcb6madhd6harj','816G7uE7ELL._SL1500_ - Copy.jpg','image/jpeg','{"identified":true,"analyzed":true}','amazon',32103,'8zkTrS1H75QZpJF9t3tOsw==','2021-12-29 06:05:04.601809');
INSERT INTO active_storage_blobs VALUES(135,'kjcgy14oxisfvqe186g7xn69jkqt','816G7uE7ELL._SL1500_.jpg','image/jpeg','{"identified":true,"analyzed":true}','amazon',32103,'8zkTrS1H75QZpJF9t3tOsw==','2021-12-29 06:05:04.615656');
INSERT INTO active_storage_blobs VALUES(136,'p73zvjdd7f0h3jbotazssptrq0oo','download (2).jpg','image/jpeg','{"identified":true,"analyzed":true}','amazon',4107,'k4LfFsC5/nSiIUOSMxHTTQ==','2021-12-29 06:05:04.629184');
INSERT INTO active_storage_blobs VALUES(137,'xby1v8y5zbfkfohqgtxlxyddldx3','download.jpg','image/jpeg','{"identified":true,"analyzed":true}','amazon',38644,'2ObTx1aZHspH5ncIa/hjUA==','2021-12-29 06:05:04.643202');
INSERT INTO active_storage_blobs VALUES(138,'fukfgphvlqw5lx4yz16x5d5fr4ug','7.0.jpg','image/jpeg','{"identified":true,"analyzed":true}','amazon',329976,'Fo9K/1YM51UDOG8RopoYLA==','2021-12-30 09:07:31.432725');
INSERT INTO active_storage_blobs VALUES(139,'zw6naj3n6hcwcn3dyd7mtm61wf1p','7.0.jpg','image/jpeg','{"identified":true,"analyzed":true}','amazon',329976,'Fo9K/1YM51UDOG8RopoYLA==','2021-12-30 09:07:31.471805');
INSERT INTO active_storage_blobs VALUES(140,'offvfozofcwkgc45zglwitsrlq4d','7.1.jpg','image/jpeg','{"identified":true,"analyzed":true}','amazon',377048,'KmSOSGZzR9hiJk+xJX9bPA==','2021-12-30 09:07:31.485720');
INSERT INTO active_storage_blobs VALUES(141,'fhjpecrccayfvyprdd87n0rssf46','7.2.jpg','image/jpeg','{"identified":true,"analyzed":true}','amazon',137167,'Aw4uAVuTLDoz+Uw7h6sb9Q==','2021-12-30 09:07:31.501715');
INSERT INTO active_storage_blobs VALUES(142,'vx3rk11bgkgx1v3useuoiswgyhaq','1.jpg','image/jpeg','{"identified":true,"analyzed":true}','amazon',49453,'F60sSp/TbWd0+yfXtQVp6Q==','2021-12-30 09:12:36.855588');
INSERT INTO active_storage_blobs VALUES(143,'8hxmayae8r98k5bomnj4mgp36sqi','1.2.jpg','image/jpeg','{"identified":true,"analyzed":true}','amazon',13739,'SLiSn9bhYLoTkC9hhNaI5A==','2021-12-30 09:12:36.880667');
INSERT INTO active_storage_blobs VALUES(144,'ed1tafj2j04ax6iujclv469rgvpi','1.3.jpg','image/jpeg','{"identified":true,"analyzed":true}','amazon',67330,'CMHsCn1XJGN4TqsqWYg1kg==','2021-12-30 09:12:36.896237');
INSERT INTO active_storage_blobs VALUES(145,'545vi8dt9qjglad29ts35giqcjoy','1.jpg','image/jpeg','{"identified":true,"analyzed":true}','amazon',49453,'F60sSp/TbWd0+yfXtQVp6Q==','2021-12-30 09:12:36.913425');
INSERT INTO active_storage_blobs VALUES(146,'f3ap4vvsiprrozy5euucvo7l4n5j','1.3.jpg','image/jpeg','{"identified":true,"analyzed":true}','amazon',67330,'CMHsCn1XJGN4TqsqWYg1kg==','2021-12-30 09:12:36.941345');
INSERT INTO active_storage_blobs VALUES(147,'m7vmc1yvnj1gfpgksusc42vwc2xw','2.0.jpg','image/webp','{"identified":true,"analyzed":true}','amazon',314588,'7kcrpp1MD8apmQ67dBmnTw==','2021-12-30 09:59:46.437296');
INSERT INTO active_storage_blobs VALUES(148,'1nvsnm5byn64mhjf39lktyjdidm1','2.0.jpg','image/webp','{"identified":true,"analyzed":true}','amazon',314588,'7kcrpp1MD8apmQ67dBmnTw==','2021-12-30 09:59:46.462678');
INSERT INTO active_storage_blobs VALUES(149,'umbxa5wxbewfp7ozg4hzxnrbkang','2.1.jpg','image/jpeg','{"identified":true,"analyzed":true}','amazon',696330,'zAZoi6ozBRahV26uSjzSxw==','2021-12-30 09:59:46.477023');
INSERT INTO active_storage_blobs VALUES(150,'m1d8p53ily3gasf2a4gkm39641ej','2.2.jpg','image/webp','{"identified":true,"analyzed":true}','amazon',332642,'7sDP+vaTnkwflRnav1KBMw==','2021-12-30 09:59:46.493109');
INSERT INTO active_storage_blobs VALUES(151,'ki1pzj5f0nrozjv8xdjn7zecdqd2','3.0.jpg','image/webp','{"identified":true,"analyzed":true}','amazon',338970,'IGV7ckMotGiQQ5T5Nh+kdQ==','2021-12-30 10:01:31.209716');
INSERT INTO active_storage_blobs VALUES(152,'2rxe57tqv0tk5pqzygeshjkr2urz','3.0.jpg','image/webp','{"identified":true,"analyzed":true}','amazon',338970,'IGV7ckMotGiQQ5T5Nh+kdQ==','2021-12-30 10:01:31.235667');
INSERT INTO active_storage_blobs VALUES(153,'egxa69vmgzqhr8wrcxkt11sb5a80','3.1.jpg','image/jpeg','{"identified":true,"analyzed":true}','amazon',597738,'01h9nOnrW1VSHODEqegu6A==','2021-12-30 10:01:31.251278');
INSERT INTO active_storage_blobs VALUES(154,'3zl98v6x0yqd60oneotjv8ikbz8g','3.2.jpg','image/webp','{"identified":true,"analyzed":true}','amazon',298546,'FI7u2lmiySBOZz3LW8ZqKQ==','2021-12-30 10:01:31.269947');
INSERT INTO active_storage_blobs VALUES(155,'zkf94u8144c383ztmlmrt3hqp4re','4.0.jpg','image/jpeg','{"identified":true,"analyzed":true}','amazon',239857,'Uk2zaMPUTZucThAoglAkIA==','2021-12-30 10:03:17.309120');
INSERT INTO active_storage_blobs VALUES(156,'937cvujywccqx6t65jk4srewebtm','4.0.jpg','image/jpeg','{"identified":true,"analyzed":true}','amazon',239857,'Uk2zaMPUTZucThAoglAkIA==','2021-12-30 10:03:17.333851');
INSERT INTO active_storage_blobs VALUES(157,'h2vrtn3feipu7dtrucn21rz4xhck','4.1.jpg','image/jpeg','{"identified":true,"analyzed":true}','amazon',432278,'ziR4bK9akjIPf3JXfmXFxA==','2021-12-30 10:03:17.350021');
INSERT INTO active_storage_blobs VALUES(158,'iyy9ca8fevjmef4kq4irnwwf4x04','4.2.jpg','image/jpeg','{"identified":true,"analyzed":true}','amazon',136518,'iTiwZlUk0umrSgEonhWD6g==','2021-12-30 10:03:17.366707');
INSERT INTO active_storage_blobs VALUES(159,'n0rmrszqo2xhqdgoaj8rca98gklq','18.0.jpg','image/webp','{"identified":true,"analyzed":true}','amazon',252376,'3q6YuKu8jKC3fs2pGaL0jQ==','2021-12-30 10:04:48.748881');
INSERT INTO active_storage_blobs VALUES(160,'ehalbqxf62g0y7emtb1wwxsd1eiy','18.0.jpg','image/webp','{"identified":true,"analyzed":true}','amazon',252376,'3q6YuKu8jKC3fs2pGaL0jQ==','2021-12-30 10:04:48.774134');
INSERT INTO active_storage_blobs VALUES(161,'dukk6xewgw8phq9ud4f5pyasz1s2','18.1.jpg','image/webp','{"identified":true,"analyzed":true}','amazon',252460,'wVZJy3F/x6XAo/dFiKIp1w==','2021-12-30 10:04:48.789530');
INSERT INTO active_storage_blobs VALUES(162,'ymghku3vprwtaonbp8r2iu0gp8km','18.2.jpg','image/webp','{"identified":true,"analyzed":true}','amazon',301304,'xPO/ohz9LXkygVR0m0PbpQ==','2021-12-30 10:04:48.806068');
INSERT INTO active_storage_blobs VALUES(163,'tjxwe34hejejeya1ex715swwm6vs','19.0.jpg','image/webp','{"identified":true,"analyzed":true}','amazon',153826,'J4vjRculxVKgvqq69FL5XQ==','2021-12-30 10:06:50.132295');
INSERT INTO active_storage_blobs VALUES(164,'04fjn8h4464fg1pskm6clqn43bhz','19.0.jpg','image/webp','{"identified":true,"analyzed":true}','amazon',153826,'J4vjRculxVKgvqq69FL5XQ==','2021-12-30 10:06:50.157395');
INSERT INTO active_storage_blobs VALUES(165,'no9b9bfqcspbhryf2xv1vijoyftq','19.1.jpg','image/webp','{"identified":true,"analyzed":true}','amazon',170470,'l9f4+HzkXa9bTB+oxHeVRQ==','2021-12-30 10:06:50.173340');
INSERT INTO active_storage_blobs VALUES(166,'0a97gxwf5o218x6j9e8bdxgn6quy','20.0.jpg','image/webp','{"identified":true,"analyzed":true}','amazon',112900,'p6gyjsSnDGRQUM6rMggQ1A==','2021-12-30 10:09:01.250677');
INSERT INTO active_storage_blobs VALUES(167,'30mwt8f4vjmbxytgpsyw5ooln1rk','20.0.jpg','image/webp','{"identified":true,"analyzed":true}','amazon',112900,'p6gyjsSnDGRQUM6rMggQ1A==','2021-12-30 10:09:01.275950');
INSERT INTO active_storage_blobs VALUES(168,'mcmpwtkixz7nk9vjbpuhdx7nfus6','20.1.jpg','image/jpeg','{"identified":true,"analyzed":true}','amazon',195400,'J46Pfl5yqSEs+swJOWlwLQ==','2021-12-30 10:09:01.291208');
INSERT INTO active_storage_blobs VALUES(169,'7w7rlhwhsv447kltsxaexfhg1u28','20.2.jpg','image/jpeg','{"identified":true,"analyzed":true}','amazon',682672,'5n4eJSv8z2Q/w2XfKiN3Rw==','2021-12-30 10:09:01.307632');
INSERT INTO active_storage_blobs VALUES(170,'wavf2e3k1104mzafkqfec258o5x4','27.0.jpg','image/webp','{"identified":true,"analyzed":true}','amazon',127434,'UIvkWGygQQEqzBEAyEhc2A==','2021-12-30 15:27:14.903372');
INSERT INTO active_storage_blobs VALUES(171,'htaxq5pfn2ffvjwqo506fthlfdvr','27.0.jpg','image/webp','{"identified":true,"analyzed":true}','amazon',127434,'UIvkWGygQQEqzBEAyEhc2A==','2021-12-30 15:27:14.926055');
INSERT INTO active_storage_blobs VALUES(172,'t24jentk70obtg92tb6sx08haimu','27.1.jpg','image/webp','{"identified":true,"analyzed":true}','amazon',93834,'a9NbpAVjYThjzgAM5cdJKA==','2021-12-30 15:27:14.940814');
INSERT INTO active_storage_blobs VALUES(173,'a3zlxr8jc0a0huk5c8j48c0z8nck','27.2.jpg','image/webp','{"identified":true,"analyzed":true}','amazon',121988,'g2T7WeWEA/L+7zjeuBNMcg==','2021-12-30 15:27:14.960205');
INSERT INTO active_storage_blobs VALUES(174,'1c2uenih4ttcm0fndxtf8pt8g04v','libas.png','image/png','{"identified":true,"analyzed":true}','amazon',2666,'ZFHOI6AX/Z7JSOJsVZyNhw==','2021-12-30 15:29:19.668553');
INSERT INTO active_storage_blobs VALUES(175,'sgssugdwmovc5lzcxuynq2ps2jy6','28.0.jpg','image/webp','{"identified":true,"analyzed":true}','amazon',266658,'MW0wPEuBGHloEh53KnW11w==','2021-12-30 15:31:11.324869');
INSERT INTO active_storage_blobs VALUES(176,'rgt24drxxcco9wl6xdlkg420n31y','28.0.jpg','image/webp','{"identified":true,"analyzed":true}','amazon',266658,'MW0wPEuBGHloEh53KnW11w==','2021-12-30 15:31:11.350107');
INSERT INTO active_storage_blobs VALUES(177,'wkexavg4dwwtcusoss0ieh5wdj4f','28.1.jpg','image/webp','{"identified":true,"analyzed":true}','amazon',563666,'ACUYU0Nf9ATZR6FacezNCQ==','2021-12-30 15:31:11.366504');
INSERT INTO active_storage_blobs VALUES(178,'rxf89nog639r3ehs4f0qpgtoilrw','28.2.jpg','image/webp','{"identified":true,"analyzed":true}','amazon',230460,'LyejhzQ+Sc41xE8sA/ZaZQ==','2021-12-30 15:31:11.382252');
INSERT INTO active_storage_blobs VALUES(179,'um1un4g5vq39oz9jbytitapg8q85','29.0.jpg','image/jpeg','{"identified":true,"analyzed":true}','amazon',526719,'GeQfH4Z28hUYdr3QVIyvcg==','2021-12-30 15:33:02.649371');
INSERT INTO active_storage_blobs VALUES(180,'gf6fnb54e10rfousvx11ntbhqe4z','29.0.jpg','image/jpeg','{"identified":true,"analyzed":true}','amazon',526719,'GeQfH4Z28hUYdr3QVIyvcg==','2021-12-30 15:33:02.672777');
INSERT INTO active_storage_blobs VALUES(181,'6h8dcz4r85j3ws46wam7njuvbqwx','29.1.jpg','image/jpeg','{"identified":true,"analyzed":true}','amazon',652393,'B0AIUiwI6D60Py4jkmScdw==','2021-12-30 15:33:02.687009');
INSERT INTO active_storage_blobs VALUES(182,'vtp9qi6j5hauj0gxqwie5nlt6pk6','29.2.jpg','image/jpeg','{"identified":true,"analyzed":true}','amazon',525493,'sG3ATAWa/EJcvtfiOtl09Q==','2021-12-30 15:33:02.702612');
INSERT INTO active_storage_blobs VALUES(183,'cgnqmmg0jcr2pfpizoos4m3ynr8x','31.0.jpg','image/webp','{"identified":true,"analyzed":true}','amazon',418816,'Pw84TLtwufG2ECr7aDjeTw==','2021-12-30 15:34:51.020938');
INSERT INTO active_storage_blobs VALUES(184,'xb1rulmemrc7kxms1yjbmxujfl50','31.0.jpg','image/webp','{"identified":true,"analyzed":true}','amazon',418816,'Pw84TLtwufG2ECr7aDjeTw==','2021-12-30 15:34:51.044760');
INSERT INTO active_storage_blobs VALUES(185,'jv6xgjzuhk5vqi3bxqqwn6cvs5rv','31.1.jpg','image/webp','{"identified":true,"analyzed":true}','amazon',558368,'k63qByjHpQpFj5hrk99KxQ==','2021-12-30 15:34:51.058918');
INSERT INTO active_storage_blobs VALUES(186,'luh9s7hjxkqq3o4va1poiiuon49x','32.0.jpg','image/webp','{"identified":true,"analyzed":true}','amazon',224406,'Ed+QCfCp19apYVInoWUgqA==','2021-12-30 15:36:15.044028');
INSERT INTO active_storage_blobs VALUES(187,'uacs73g7dmf8wbq8imfnnfxqqc01','32.0.jpg','image/webp','{"identified":true,"analyzed":true}','amazon',224406,'Ed+QCfCp19apYVInoWUgqA==','2021-12-30 15:36:15.067888');
INSERT INTO active_storage_blobs VALUES(188,'xrf85t6n1w79z1qznazgliycz5r0','32.1.jpg','image/webp','{"identified":true,"analyzed":true}','amazon',257308,'Q6fvE7w2p2iCoMQZuCfjSg==','2021-12-30 15:36:15.082970');
INSERT INTO active_storage_blobs VALUES(189,'nha0q9lcoe02wdi9ryjjf8azs321','32.2.jpg','image/webp','{"identified":true,"analyzed":true}','amazon',336594,'7I0HxaPAcc8mezQpcsEU8w==','2021-12-30 15:36:15.098031');
INSERT INTO active_storage_blobs VALUES(190,'iah1v62px8gczr6bxymu68frfzw4','33.0.jpg','image/jpeg','{"identified":true,"analyzed":true}','amazon',304393,'v8w7g0G7795G75iHBndW2Q==','2021-12-30 15:37:49.121069');
INSERT INTO active_storage_blobs VALUES(191,'s68rnox1y2sdaviq47vkitfkgmi0','33.0.jpg','image/jpeg','{"identified":true,"analyzed":true}','amazon',304393,'v8w7g0G7795G75iHBndW2Q==','2021-12-30 15:37:49.145474');
INSERT INTO active_storage_blobs VALUES(192,'i8mmgzai13y38vcj8o4nvtdvh079','33.1.jpg','image/jpeg','{"identified":true,"analyzed":true}','amazon',718159,'ErfX7EJeSO4ihmV+mEAXsA==','2021-12-30 15:37:49.161390');
INSERT INTO active_storage_blobs VALUES(193,'mdg8rsy1iysrpmjt9xd06lobg6v4','33.2.jpg','image/jpeg','{"identified":true,"analyzed":true}','amazon',296589,'W9em1Fb/KEjipZoeVhITsQ==','2021-12-30 15:37:49.176593');
INSERT INTO active_storage_blobs VALUES(194,'vcjodvz0uf5e05iw34ualzuybj3x','40.0.jpg','image/webp','{"identified":true,"analyzed":true}','amazon',214828,'+WQwor70QSpfLxouGIZXfQ==','2021-12-30 15:40:32.030830');
INSERT INTO active_storage_blobs VALUES(195,'q0ct5yw1ciziql0v7e1mw1x449cs','40.0.jpg','image/webp','{"identified":true,"analyzed":true}','amazon',214828,'+WQwor70QSpfLxouGIZXfQ==','2021-12-30 15:40:32.053993');
INSERT INTO active_storage_blobs VALUES(196,'9olu3v5bu9b5uplwxpug83bhvxww','40.1.jpg','image/jpeg','{"identified":true,"analyzed":true}','amazon',638865,'qjsOIje+KX1KS0HHr9mL/Q==','2021-12-30 15:40:32.068713');
INSERT INTO active_storage_blobs VALUES(197,'0kxnxpu0kmban9gn5oltvz24im2z','40.2.jpg','image/webp','{"identified":true,"analyzed":true}','amazon',166568,'ZvCV9MHGvoiAxVTQXstRww==','2021-12-30 15:40:32.085556');
INSERT INTO active_storage_blobs VALUES(198,'3iwc9afypw9gnmn4h432nao362sn','11.0.jpg','image/webp','{"identified":true,"analyzed":true}','amazon',183130,'IP7U+qgGaJVXCHv16BWRKA==','2021-12-30 17:19:06.085055');
INSERT INTO active_storage_blobs VALUES(199,'c7womxym0iozrsnvfz70ii2ak77r','11.0.jpg','image/webp','{"identified":true,"analyzed":true}','amazon',183130,'IP7U+qgGaJVXCHv16BWRKA==','2021-12-30 17:19:06.109418');
INSERT INTO active_storage_blobs VALUES(200,'1bq92f6fm240pnjvww3z6o7yxmhm','11.1.jpg','image/jpeg','{"identified":true,"analyzed":true}','amazon',179881,'O5WoFMDi1To7aMeI+QnamQ==','2021-12-30 17:19:06.124493');
INSERT INTO active_storage_blobs VALUES(201,'vn6c3co8ido5ks1u5ot4kmz6v76g','12.0.jpg','image/jpeg','{"identified":true,"analyzed":true}','amazon',202863,'oTOxiD5PfzhjxMKBGrV3ew==','2021-12-30 17:22:58.405321');
INSERT INTO active_storage_blobs VALUES(202,'1qiilqtlobbimeqyqrqotehcgs60','12.0.jpg','image/jpeg','{"identified":true,"analyzed":true}','amazon',202863,'oTOxiD5PfzhjxMKBGrV3ew==','2021-12-30 17:22:58.429774');
INSERT INTO active_storage_blobs VALUES(203,'wnighd1ieylhxdtsdovzw2px71vp','12.1.jpg','image/webp','{"identified":true,"analyzed":true}','amazon',140010,'IIxr27pveLw69oXkga7JaQ==','2021-12-30 17:22:58.444449');
INSERT INTO active_storage_blobs VALUES(204,'09e3g8jq26utzy4blwvdpnn719um','12.2.jpg','image/jpeg','{"identified":true,"analyzed":true}','amazon',134063,'RX7o4wyl6PeER84L6bRrfg==','2021-12-30 17:22:58.462021');
INSERT INTO active_storage_blobs VALUES(205,'m8iet0rooagm9lchdakzulfkk4b6','13.0.jpg','image/webp','{"identified":true,"analyzed":true}','amazon',167944,'5Z+6hjOu+f2SEEExtW4hiw==','2021-12-30 17:24:36.649118');
INSERT INTO active_storage_blobs VALUES(206,'8tcnzokwhkltr9k91svnlhw94sz5','13.0.jpg','image/webp','{"identified":true,"analyzed":true}','amazon',167944,'5Z+6hjOu+f2SEEExtW4hiw==','2021-12-30 17:24:36.673970');
INSERT INTO active_storage_blobs VALUES(207,'q1yrz35zz4ra3zoxzzh29zk0x6b5','13.1.jpg','image/jpeg','{"identified":true,"analyzed":true}','amazon',202350,'DhrbJNJI+ZCwhd7gm0k+NQ==','2021-12-30 17:24:36.689217');
INSERT INTO active_storage_blobs VALUES(208,'tud7ocewvyb7vcmil5pvgrjwi4s1','13.2.jpg','image/webp','{"identified":true,"analyzed":true}','amazon',192422,'kyB9cIUbY1hpN654rlKLUA==','2021-12-30 17:24:36.704989');
INSERT INTO active_storage_blobs VALUES(209,'8mn2axzzy7khwd0buj793pghjkqq','14.0.jpg','image/webp','{"identified":true,"analyzed":true}','amazon',209394,'W+luWuOQ/3xNL9g9Z01yew==','2021-12-30 17:25:56.646452');
INSERT INTO active_storage_blobs VALUES(210,'dppxgurkn41saexw438xna744dxs','14.0.jpg','image/webp','{"identified":true,"analyzed":true}','amazon',209394,'W+luWuOQ/3xNL9g9Z01yew==','2021-12-30 17:25:56.670466');
INSERT INTO active_storage_blobs VALUES(211,'49rg793e9zbinn0dfomdt9xin2p4','14.1.jpg','image/webp','{"identified":true,"analyzed":true}','amazon',353796,'CDQwsS2MnBX+7ZHupUo1yQ==','2021-12-30 17:25:56.686103');
INSERT INTO active_storage_blobs VALUES(212,'uk5z3lxqlm6r2agija0su37xdtq4','14.2.jpg','image/jpeg','{"identified":true,"analyzed":true}','amazon',339776,'AtLsTLFRg58Lzc99gOVKNQ==','2021-12-30 17:25:56.701433');
INSERT INTO active_storage_blobs VALUES(213,'1p6edms039nxkhxfsknrvbvn1k22','17.0.jpg','image/webp','{"identified":true,"analyzed":true}','amazon',288902,'S3GW9dqNrPiarzUkYYDrIg==','2021-12-30 17:28:06.300873');
INSERT INTO active_storage_blobs VALUES(214,'je72qzm0cga57fzjoukrnk2pqbjt','17.0.jpg','image/webp','{"identified":true,"analyzed":true}','amazon',288902,'S3GW9dqNrPiarzUkYYDrIg==','2021-12-30 17:28:06.325461');
INSERT INTO active_storage_blobs VALUES(215,'6pa55rz5mhz3noalrddzbytq1h0x','17.1.jpg','image/webp','{"identified":true,"analyzed":true}','amazon',228206,'LA/OkY86LgOnpOGqszdCPQ==','2021-12-30 17:28:06.339799');
INSERT INTO active_storage_blobs VALUES(216,'zr7w6jzyihti0kygv1tonp24tjfb','17.2.jpg','image/jpeg','{"identified":true,"analyzed":true}','amazon',345003,'m5orT0BAHcl/VbGR4lmF7Q==','2021-12-30 17:28:06.355200');
INSERT INTO active_storage_blobs VALUES(217,'e1neg4ryg1n4uq53u5iyujp7ht4m','39.0.jpg','image/webp','{"identified":true,"analyzed":true}','amazon',157454,'UPyttqtgLPJO11ivQVLbzQ==','2021-12-30 17:32:25.283237');
INSERT INTO active_storage_blobs VALUES(218,'5dajuzw1fd749o8jdiacc4gyxsje','39.0.jpg','image/webp','{"identified":true,"analyzed":true}','amazon',157454,'UPyttqtgLPJO11ivQVLbzQ==','2021-12-30 17:32:25.307231');
INSERT INTO active_storage_blobs VALUES(219,'9i9srvdv4fxpewym3sok2igeq9f6','39.1.jpg','image/webp','{"identified":true,"analyzed":true}','amazon',65208,'UbZ9LBZsjTzKxIO/z/B2jw==','2021-12-30 17:32:25.322795');
INSERT INTO active_storage_blobs VALUES(220,'0jzi7xfblmb6056yimw7yhlo8e3f','39.2.jpg','image/webp','{"identified":true,"analyzed":true}','amazon',392128,'rb0t/rlVrnUla+1atGCVMg==','2021-12-30 17:32:25.338823');
INSERT INTO active_storage_blobs VALUES(221,'qe2tm52fanyy7r90uyvrg3i52ubp','12.0.jpg','image/jpeg','{"identified":true,"analyzed":true}','amazon',202863,'oTOxiD5PfzhjxMKBGrV3ew==','2021-12-30 17:37:55.692388');
INSERT INTO active_storage_blobs VALUES(222,'hj9fu80vaoextabeya72umauxoer','12.0.jpg','image/jpeg','{"identified":true,"analyzed":true}','amazon',202863,'oTOxiD5PfzhjxMKBGrV3ew==','2021-12-30 17:37:55.714183');
INSERT INTO active_storage_blobs VALUES(223,'b2cuda4r85n8b4xvfputj303l8b7','12.1.jpg','image/webp','{"identified":true,"analyzed":true}','amazon',140010,'IIxr27pveLw69oXkga7JaQ==','2021-12-30 17:37:55.727478');
INSERT INTO active_storage_blobs VALUES(224,'ilyda2ac135lv5bil2fqck47orjt','12.2.jpg','image/jpeg','{"identified":true,"analyzed":true}','amazon',134063,'RX7o4wyl6PeER84L6bRrfg==','2021-12-30 17:37:55.740658');
INSERT INTO active_storage_blobs VALUES(225,'84lfy01aq5ux4imtaa8h60vfrsza','15.0.jpg','image/jpeg','{"identified":true,"analyzed":true}','amazon',246428,'0xoealnCvSE0BC+k2PQ3QA==','2021-12-30 17:39:03.214785');
INSERT INTO active_storage_blobs VALUES(226,'175lon8709xuhny21i7powl2oz4o','15.0.jpg','image/jpeg','{"identified":true,"analyzed":true}','amazon',246428,'0xoealnCvSE0BC+k2PQ3QA==','2021-12-30 17:39:03.248983');
INSERT INTO active_storage_blobs VALUES(227,'3j3u8y0iyko243mcihsxxkqcm5gy','15.1.jpg','image/webp','{"identified":true,"analyzed":true}','amazon',190898,'gFjqYxTszZl7epLWSNyyAQ==','2021-12-30 17:39:03.263615');
INSERT INTO active_storage_blobs VALUES(228,'tid4uvua497ql65fdtra1opevx7c','15.2.jpg','image/webp','{"identified":true,"analyzed":true}','amazon',93790,'LUphS81YMZn2ZPAEPZOJNg==','2021-12-30 17:39:03.278094');
INSERT INTO active_storage_blobs VALUES(229,'ak6mr8ky3xg6ckkmgp02bdlvhqu1','samsunng.jpg','image/jpeg','{"identified":true,"analyzed":true}','amazon',26900,'m0+Orey61OI+LSEq9YNLWA==','2021-12-30 17:52:45.423622');
INSERT INTO active_storage_blobs VALUES(230,'ly98t45rn5z3bro91w9kz8u4vh89','samung3.jpg','image/jpeg','{"identified":true,"analyzed":true}','amazon',48252,'ue2vrqOUWFIOceLCuMsF7A==','2021-12-30 17:52:45.448525');
INSERT INTO active_storage_blobs VALUES(231,'lrg0tjt8s62mzo0d4kmctioriema','samsunng.jpg','image/jpeg','{"identified":true,"analyzed":true}','amazon',26900,'m0+Orey61OI+LSEq9YNLWA==','2021-12-30 17:56:47.699510');
INSERT INTO active_storage_blobs VALUES(232,'2epp94x5o2bwqdbhvc6fnzb786vj','samsunng.jpg','image/jpeg','{"identified":true,"analyzed":true}','amazon',26900,'m0+Orey61OI+LSEq9YNLWA==','2021-12-30 17:56:47.726217');
INSERT INTO active_storage_blobs VALUES(233,'xhl1gg5teb3igrl2vd5xhduj3gfm','samung2.jpg','image/jpeg','{"identified":true,"analyzed":true}','amazon',107142,'gIiZuzgRL+FIYkn6xGVaow==','2021-12-30 17:56:47.740003');
INSERT INTO active_storage_blobs VALUES(234,'qi5xxd0l1aj2crdgu85wjihr4igw','samung3.jpg','image/jpeg','{"identified":true,"analyzed":true}','amazon',48252,'ue2vrqOUWFIOceLCuMsF7A==','2021-12-30 17:56:47.754965');
INSERT INTO active_storage_blobs VALUES(235,'zm7kk1f013z2r3farwvm73ds3eyh','22.0.jpg','image/jpeg','{"identified":true,"analyzed":true}','amazon',142172,'YLQX7BciDNBHHWty5QabUA==','2021-12-30 18:02:08.475785');
INSERT INTO active_storage_blobs VALUES(236,'c2mgtvgnk7e7u0eyyyzfwwc0cztr','22.0.jpg','image/jpeg','{"identified":true,"analyzed":true}','amazon',142172,'YLQX7BciDNBHHWty5QabUA==','2021-12-30 18:02:08.499322');
INSERT INTO active_storage_blobs VALUES(237,'plun3m7s0960m8tqni7mzx7p5czn','22.1.jpg','image/jpeg','{"identified":true,"analyzed":true}','amazon',95680,'vUKxxLyn2iSF/2bwqqiaXg==','2021-12-30 18:02:08.516261');
INSERT INTO active_storage_blobs VALUES(238,'zz2b9mjxbr4topd9q57b0ky484b6','22.2.jpg','image/jpeg','{"identified":true,"analyzed":true}','amazon',46137,'lGJNiMPoRwO4I/rnU2pgvg==','2021-12-30 18:02:08.534192');
INSERT INTO active_storage_blobs VALUES(239,'il6dqishtmi2fgd1sovheeixjcir','8.0.jpg','image/jpeg','{"identified":true,"analyzed":true}','amazon',161463,'leOoU0fFasqnwHavPU2SPg==','2021-12-30 18:03:30.233274');
INSERT INTO active_storage_blobs VALUES(240,'042cai1bzch8y4tl6p4hp9616338','8.0.jpg','image/jpeg','{"identified":true,"analyzed":true}','amazon',161463,'leOoU0fFasqnwHavPU2SPg==','2021-12-30 18:03:30.257427');
INSERT INTO active_storage_blobs VALUES(241,'rzs1bynn7e7d0pzu9ux7o9ye4xfk','8.1.jpg','image/jpeg','{"identified":true,"analyzed":true}','amazon',119106,'Hq6l3XrsMFi/sPclfkwx1g==','2021-12-30 18:03:30.272902');
INSERT INTO active_storage_blobs VALUES(242,'uq3my9ymykraeuz3w9f5s91augky','8.2.jpg','image/jpeg','{"identified":true,"analyzed":true}','amazon',132967,'TnCSHhAct9LKnn/hbcWqZA==','2021-12-30 18:03:30.289681');
INSERT INTO active_storage_blobs VALUES(243,'c5dq5i323dxcq7tqsf0rg2zvu55c','23.0.jpg','image/jpeg','{"identified":true,"analyzed":true}','amazon',87285,'JEjsBn8rBKRPT0oGO/z0vw==','2021-12-30 18:05:20.541457');
INSERT INTO active_storage_blobs VALUES(244,'sllm10i5f1x7ovi1kkxhzcvmw8me','23.0.jpg','image/jpeg','{"identified":true,"analyzed":true}','amazon',87285,'JEjsBn8rBKRPT0oGO/z0vw==','2021-12-30 18:05:20.564883');
INSERT INTO active_storage_blobs VALUES(245,'e2lzslf7u63ge64wfa7xjjsdrxfj','23.1.jpg','image/jpeg','{"identified":true,"analyzed":true}','amazon',47004,'f/24mTBaj5Mjzm0eJj/lGA==','2021-12-30 18:05:20.581212');
INSERT INTO active_storage_blobs VALUES(246,'utm8ffjbrq2pxmlsjjvjsa3tuju0','23.2.jpg','image/jpeg','{"identified":true,"analyzed":true}','amazon',132247,'G8hXJ16aIk7sFuKx2qMbHA==','2021-12-30 18:05:20.596047');
INSERT INTO active_storage_blobs VALUES(247,'gk61uze7mtukzwey0qtnmzayku1a','24.0.jpg','image/jpeg','{"identified":true,"analyzed":true}','amazon',149021,'RdksuWMeRFVApgSxkXv3pg==','2021-12-30 18:05:20.612073');
INSERT INTO active_storage_blobs VALUES(248,'ynidit8i1hldfrur0hfw56dx20f6','24.0.jpg','image/jpeg','{"identified":true,"analyzed":true}','amazon',149021,'RdksuWMeRFVApgSxkXv3pg==','2021-12-30 18:07:12.993505');
INSERT INTO active_storage_blobs VALUES(249,'1iu2dbag9dmhqegzbyhhtrtnr5j1','24.0.jpg','image/jpeg','{"identified":true,"analyzed":true}','amazon',149021,'RdksuWMeRFVApgSxkXv3pg==','2021-12-30 18:07:13.018691');
INSERT INTO active_storage_blobs VALUES(250,'zsbbxpc5f8cayd0ho3xt7172gcik','24.1.jpg','image/jpeg','{"identified":true,"analyzed":true}','amazon',136279,'WRASEkDLOff7gFAb+eZ/3w==','2021-12-30 18:07:13.033202');
INSERT INTO active_storage_blobs VALUES(251,'29ht4m6806fcpe3yf52c7xxdztxj','24.2.jpg','image/jpeg','{"identified":true,"analyzed":true}','amazon',81879,'aVB6TBjSHduyuMya2Gx30g==','2021-12-30 18:07:13.050895');
INSERT INTO active_storage_blobs VALUES(252,'iqqhzwmoo6idtma2e3b4k2tqhqzf','37.0.jpg','image/jpeg','{"identified":true,"analyzed":true}','amazon',113666,'xZepk4VXktqc06NnmgjGWw==','2021-12-30 18:08:55.734793');
INSERT INTO active_storage_blobs VALUES(253,'mgtj9rvmcocujksafqpkwagetott','37.0.jpg','image/jpeg','{"identified":true,"analyzed":true}','amazon',113666,'xZepk4VXktqc06NnmgjGWw==','2021-12-30 18:08:55.758360');
INSERT INTO active_storage_blobs VALUES(254,'9jmw47w0mssxaszywfisb68fdjdv','37.1.jpg','image/jpeg','{"identified":true,"analyzed":true}','amazon',75411,'twUs3mdDNHCYhX/GZ9c3hw==','2021-12-30 18:08:55.773319');
INSERT INTO active_storage_blobs VALUES(255,'5203xvy4gz7ru055eos52lh36omq','37.2.jpg','image/jpeg','{"identified":true,"analyzed":true}','amazon',132425,'uknXrKvEFKlKLBvA+qRNPg==','2021-12-30 18:08:55.789896');
INSERT INTO active_storage_blobs VALUES(256,'inswmgji1hb5h12d68zgl8udk3uq','38.0.jpg','image/jpeg','{"identified":true,"analyzed":true}','amazon',128373,'fSG/wrmnhS3g7Y8L5S3uBw==','2021-12-30 18:10:39.165922');
INSERT INTO active_storage_blobs VALUES(257,'mndil4m443zzksmtdlir31k5j944','38.0.jpg','image/jpeg','{"identified":true,"analyzed":true}','amazon',128373,'fSG/wrmnhS3g7Y8L5S3uBw==','2021-12-30 18:10:39.190200');
INSERT INTO active_storage_blobs VALUES(258,'fbahqf3fuktlmqtwp5s6fno3p1i6','38.1.jpg','image/jpeg','{"identified":true,"analyzed":true}','amazon',79451,'hJGl2Au/8BVxAWhmP1zRNA==','2021-12-30 18:10:39.204896');
INSERT INTO active_storage_blobs VALUES(259,'ravwaj4kmzynxvymf0m5okr5xedj','38.2.jpg','image/jpeg','{"identified":true,"analyzed":true}','amazon',131674,'GDO96T2qtSNKZqguyuTbGQ==','2021-12-30 18:10:39.222183');
INSERT INTO active_storage_blobs VALUES(260,'nopgfo31mu0urid5ak5arhejn8ie','41.0.jpg','image/jpeg','{"identified":true,"analyzed":true}','amazon',112839,'2m0+eQMnv8GfByMhHsZN2A==','2021-12-30 18:12:13.049096');
INSERT INTO active_storage_blobs VALUES(261,'vrmxi1mp3211wo3p8orb0cascv37','41.0.jpg','image/jpeg','{"identified":true,"analyzed":true}','amazon',112839,'2m0+eQMnv8GfByMhHsZN2A==','2021-12-30 18:12:13.072825');
INSERT INTO active_storage_blobs VALUES(262,'7ie4oi5qdtofgf9humco8glt9x4o','41.1.jpg','image/jpeg','{"identified":true,"analyzed":true}','amazon',122403,'FTBF6hj+gxY9b4EePec9Og==','2021-12-30 18:12:13.088210');
INSERT INTO active_storage_blobs VALUES(263,'2nhigpqsn9f6xcsi7j7zngtjf0t6','41.2.jpg','image/jpeg','{"identified":true,"analyzed":true}','amazon',127643,'HK6mDTezPIuz0zXadjWihg==','2021-12-30 18:12:13.104649');
INSERT INTO active_storage_blobs VALUES(265,'5lput9tav4c98c6j53koy8nvn1zf','download.jpg','image/jpeg','{"identified":true,"analyzed":true}','amazon',6569,'MduC5DxKG7bDXKJ6W34abg==','2022-01-01 20:54:18.888533');
CREATE TABLE IF NOT EXISTS "active_storage_attachments" ("id" integer PRIMARY KEY AUTOINCREMENT NOT NULL, "name" varchar NOT NULL, "record_type" varchar NOT NULL, "record_id" integer NOT NULL, "blob_id" integer NOT NULL, "created_at" datetime NOT NULL, CONSTRAINT "fk_rails_c3b3935057"
FOREIGN KEY ("blob_id")
  REFERENCES "active_storage_blobs" ("id")
);
INSERT INTO active_storage_attachments VALUES(11,'other_images','Product',6,11,'2021-12-21 07:56:24.203261');
INSERT INTO active_storage_attachments VALUES(138,'main_image','ProductVariant',208,138,'2021-12-30 09:07:31.455103');
INSERT INTO active_storage_attachments VALUES(139,'other_images','ProductVariant',208,139,'2021-12-30 09:07:31.478595');
INSERT INTO active_storage_attachments VALUES(140,'other_images','ProductVariant',208,140,'2021-12-30 09:07:31.494134');
INSERT INTO active_storage_attachments VALUES(141,'other_images','ProductVariant',208,141,'2021-12-30 09:07:31.534852');
INSERT INTO active_storage_attachments VALUES(142,'main_image','ProductVariant',209,142,'2021-12-30 09:12:36.863536');
INSERT INTO active_storage_attachments VALUES(143,'other_images','ProductVariant',209,143,'2021-12-30 09:12:36.887864');
INSERT INTO active_storage_attachments VALUES(144,'other_images','ProductVariant',209,144,'2021-12-30 09:12:36.903966');
INSERT INTO active_storage_attachments VALUES(145,'other_images','ProductVariant',209,145,'2021-12-30 09:12:36.920254');
INSERT INTO active_storage_attachments VALUES(147,'main_image','ProductVariant',210,147,'2021-12-30 09:59:46.444825');
INSERT INTO active_storage_attachments VALUES(148,'other_images','ProductVariant',210,148,'2021-12-30 09:59:46.469391');
INSERT INTO active_storage_attachments VALUES(149,'other_images','ProductVariant',210,149,'2021-12-30 09:59:46.484708');
INSERT INTO active_storage_attachments VALUES(150,'other_images','ProductVariant',210,150,'2021-12-30 09:59:46.500539');
INSERT INTO active_storage_attachments VALUES(151,'main_image','ProductVariant',211,151,'2021-12-30 10:01:31.217495');
INSERT INTO active_storage_attachments VALUES(152,'other_images','ProductVariant',211,152,'2021-12-30 10:01:31.243140');
INSERT INTO active_storage_attachments VALUES(153,'other_images','ProductVariant',211,153,'2021-12-30 10:01:31.260933');
INSERT INTO active_storage_attachments VALUES(154,'other_images','ProductVariant',211,154,'2021-12-30 10:01:31.277901');
INSERT INTO active_storage_attachments VALUES(155,'main_image','ProductVariant',212,155,'2021-12-30 10:03:17.316623');
INSERT INTO active_storage_attachments VALUES(156,'other_images','ProductVariant',212,156,'2021-12-30 10:03:17.341463');
INSERT INTO active_storage_attachments VALUES(157,'other_images','ProductVariant',212,157,'2021-12-30 10:03:17.358758');
INSERT INTO active_storage_attachments VALUES(158,'other_images','ProductVariant',212,158,'2021-12-30 10:03:17.374234');
INSERT INTO active_storage_attachments VALUES(159,'main_image','ProductVariant',213,159,'2021-12-30 10:04:48.756281');
INSERT INTO active_storage_attachments VALUES(160,'other_images','ProductVariant',213,160,'2021-12-30 10:04:48.781661');
INSERT INTO active_storage_attachments VALUES(161,'other_images','ProductVariant',213,161,'2021-12-30 10:04:48.797668');
INSERT INTO active_storage_attachments VALUES(162,'other_images','ProductVariant',213,162,'2021-12-30 10:04:48.813873');
INSERT INTO active_storage_attachments VALUES(163,'main_image','ProductVariant',214,163,'2021-12-30 10:06:50.140903');
INSERT INTO active_storage_attachments VALUES(164,'other_images','ProductVariant',214,164,'2021-12-30 10:06:50.165492');
INSERT INTO active_storage_attachments VALUES(165,'other_images','ProductVariant',214,165,'2021-12-30 10:06:50.180295');
INSERT INTO active_storage_attachments VALUES(166,'main_image','ProductVariant',215,166,'2021-12-30 10:09:01.258038');
INSERT INTO active_storage_attachments VALUES(167,'other_images','ProductVariant',215,167,'2021-12-30 10:09:01.284147');
INSERT INTO active_storage_attachments VALUES(168,'other_images','ProductVariant',215,168,'2021-12-30 10:09:01.298260');
INSERT INTO active_storage_attachments VALUES(169,'other_images','ProductVariant',215,169,'2021-12-30 10:09:01.316722');
INSERT INTO active_storage_attachments VALUES(170,'main_image','ProductVariant',216,170,'2021-12-30 15:27:14.909997');
INSERT INTO active_storage_attachments VALUES(171,'other_images','ProductVariant',216,171,'2021-12-30 15:27:14.933356');
INSERT INTO active_storage_attachments VALUES(172,'other_images','ProductVariant',216,172,'2021-12-30 15:27:14.950908');
INSERT INTO active_storage_attachments VALUES(173,'other_images','ProductVariant',216,173,'2021-12-30 15:27:14.970488');
INSERT INTO active_storage_attachments VALUES(174,'main_image','Product',110,174,'2021-12-30 15:29:19.678441');
INSERT INTO active_storage_attachments VALUES(175,'main_image','ProductVariant',217,175,'2021-12-30 15:31:11.332945');
INSERT INTO active_storage_attachments VALUES(176,'other_images','ProductVariant',217,176,'2021-12-30 15:31:11.357479');
INSERT INTO active_storage_attachments VALUES(177,'other_images','ProductVariant',217,177,'2021-12-30 15:31:11.373863');
INSERT INTO active_storage_attachments VALUES(178,'other_images','ProductVariant',217,178,'2021-12-30 15:31:11.389185');
INSERT INTO active_storage_attachments VALUES(179,'main_image','ProductVariant',218,179,'2021-12-30 15:33:02.655950');
INSERT INTO active_storage_attachments VALUES(180,'other_images','ProductVariant',218,180,'2021-12-30 15:33:02.679662');
INSERT INTO active_storage_attachments VALUES(181,'other_images','ProductVariant',218,181,'2021-12-30 15:33:02.695000');
INSERT INTO active_storage_attachments VALUES(182,'other_images','ProductVariant',218,182,'2021-12-30 15:33:02.709322');
INSERT INTO active_storage_attachments VALUES(183,'main_image','ProductVariant',219,183,'2021-12-30 15:34:51.029016');
INSERT INTO active_storage_attachments VALUES(184,'other_images','ProductVariant',219,184,'2021-12-30 15:34:51.051664');
INSERT INTO active_storage_attachments VALUES(185,'other_images','ProductVariant',219,185,'2021-12-30 15:34:51.066955');
INSERT INTO active_storage_attachments VALUES(186,'main_image','ProductVariant',220,186,'2021-12-30 15:36:15.051071');
INSERT INTO active_storage_attachments VALUES(187,'other_images','ProductVariant',220,187,'2021-12-30 15:36:15.075772');
INSERT INTO active_storage_attachments VALUES(188,'other_images','ProductVariant',220,188,'2021-12-30 15:36:15.089516');
INSERT INTO active_storage_attachments VALUES(189,'other_images','ProductVariant',220,189,'2021-12-30 15:36:15.105209');
INSERT INTO active_storage_attachments VALUES(190,'main_image','ProductVariant',221,190,'2021-12-30 15:37:49.129574');
INSERT INTO active_storage_attachments VALUES(191,'other_images','ProductVariant',221,191,'2021-12-30 15:37:49.152657');
INSERT INTO active_storage_attachments VALUES(192,'other_images','ProductVariant',221,192,'2021-12-30 15:37:49.168136');
INSERT INTO active_storage_attachments VALUES(193,'other_images','ProductVariant',221,193,'2021-12-30 15:37:49.183218');
INSERT INTO active_storage_attachments VALUES(194,'main_image','ProductVariant',222,194,'2021-12-30 15:40:32.037769');
INSERT INTO active_storage_attachments VALUES(195,'other_images','ProductVariant',222,195,'2021-12-30 15:40:32.060885');
INSERT INTO active_storage_attachments VALUES(196,'other_images','ProductVariant',222,196,'2021-12-30 15:40:32.076433');
INSERT INTO active_storage_attachments VALUES(197,'other_images','ProductVariant',222,197,'2021-12-30 15:40:32.092438');
INSERT INTO active_storage_attachments VALUES(198,'main_image','ProductVariant',223,198,'2021-12-30 17:19:06.091952');
INSERT INTO active_storage_attachments VALUES(199,'other_images','ProductVariant',223,199,'2021-12-30 17:19:06.116677');
INSERT INTO active_storage_attachments VALUES(200,'other_images','ProductVariant',223,200,'2021-12-30 17:19:06.132450');
INSERT INTO active_storage_attachments VALUES(201,'main_image','ProductVariant',224,201,'2021-12-30 17:22:58.412977');
INSERT INTO active_storage_attachments VALUES(202,'other_images','ProductVariant',224,202,'2021-12-30 17:22:58.437399');
INSERT INTO active_storage_attachments VALUES(203,'other_images','ProductVariant',224,203,'2021-12-30 17:22:58.452596');
INSERT INTO active_storage_attachments VALUES(204,'other_images','ProductVariant',224,204,'2021-12-30 17:22:58.471715');
INSERT INTO active_storage_attachments VALUES(205,'main_image','ProductVariant',225,205,'2021-12-30 17:24:36.657913');
INSERT INTO active_storage_attachments VALUES(206,'other_images','ProductVariant',225,206,'2021-12-30 17:24:36.681148');
INSERT INTO active_storage_attachments VALUES(207,'other_images','ProductVariant',225,207,'2021-12-30 17:24:36.698006');
INSERT INTO active_storage_attachments VALUES(208,'other_images','ProductVariant',225,208,'2021-12-30 17:24:36.713291');
INSERT INTO active_storage_attachments VALUES(209,'main_image','ProductVariant',226,209,'2021-12-30 17:25:56.653437');
INSERT INTO active_storage_attachments VALUES(210,'other_images','ProductVariant',226,210,'2021-12-30 17:25:56.678605');
INSERT INTO active_storage_attachments VALUES(211,'other_images','ProductVariant',226,211,'2021-12-30 17:25:56.693754');
INSERT INTO active_storage_attachments VALUES(212,'other_images','ProductVariant',226,212,'2021-12-30 17:25:56.709872');
INSERT INTO active_storage_attachments VALUES(213,'main_image','ProductVariant',227,213,'2021-12-30 17:28:06.307756');
INSERT INTO active_storage_attachments VALUES(214,'other_images','ProductVariant',227,214,'2021-12-30 17:28:06.332644');
INSERT INTO active_storage_attachments VALUES(215,'other_images','ProductVariant',227,215,'2021-12-30 17:28:06.346777');
INSERT INTO active_storage_attachments VALUES(216,'other_images','ProductVariant',227,216,'2021-12-30 17:28:06.361974');
INSERT INTO active_storage_attachments VALUES(217,'main_image','ProductVariant',228,217,'2021-12-30 17:32:25.290833');
INSERT INTO active_storage_attachments VALUES(218,'other_images','ProductVariant',228,218,'2021-12-30 17:32:25.315392');
INSERT INTO active_storage_attachments VALUES(219,'other_images','ProductVariant',228,219,'2021-12-30 17:32:25.331282');
INSERT INTO active_storage_attachments VALUES(220,'other_images','ProductVariant',228,220,'2021-12-30 17:32:25.347373');
INSERT INTO active_storage_attachments VALUES(225,'main_image','ProductVariant',229,225,'2021-12-30 17:39:03.221569');
INSERT INTO active_storage_attachments VALUES(226,'other_images','ProductVariant',229,226,'2021-12-30 17:39:03.256158');
INSERT INTO active_storage_attachments VALUES(227,'other_images','ProductVariant',229,227,'2021-12-30 17:39:03.269868');
INSERT INTO active_storage_attachments VALUES(228,'other_images','ProductVariant',229,228,'2021-12-30 17:39:03.284589');
INSERT INTO active_storage_attachments VALUES(231,'main_image','ProductVariant',230,231,'2021-12-30 17:56:47.706278');
INSERT INTO active_storage_attachments VALUES(232,'other_images','ProductVariant',230,232,'2021-12-30 17:56:47.732814');
INSERT INTO active_storage_attachments VALUES(233,'other_images','ProductVariant',230,233,'2021-12-30 17:56:47.748266');
INSERT INTO active_storage_attachments VALUES(234,'other_images','ProductVariant',230,234,'2021-12-30 17:56:47.761979');
INSERT INTO active_storage_attachments VALUES(235,'main_image','ProductVariant',231,235,'2021-12-30 18:02:08.483127');
INSERT INTO active_storage_attachments VALUES(236,'other_images','ProductVariant',231,236,'2021-12-30 18:02:08.507418');
INSERT INTO active_storage_attachments VALUES(237,'other_images','ProductVariant',231,237,'2021-12-30 18:02:08.526094');
INSERT INTO active_storage_attachments VALUES(238,'other_images','ProductVariant',231,238,'2021-12-30 18:02:08.542059');
INSERT INTO active_storage_attachments VALUES(239,'main_image','ProductVariant',232,239,'2021-12-30 18:03:30.240706');
INSERT INTO active_storage_attachments VALUES(240,'other_images','ProductVariant',232,240,'2021-12-30 18:03:30.264784');
INSERT INTO active_storage_attachments VALUES(241,'other_images','ProductVariant',232,241,'2021-12-30 18:03:30.280982');
INSERT INTO active_storage_attachments VALUES(242,'other_images','ProductVariant',232,242,'2021-12-30 18:03:30.297432');
INSERT INTO active_storage_attachments VALUES(243,'main_image','ProductVariant',233,243,'2021-12-30 18:05:20.548376');
INSERT INTO active_storage_attachments VALUES(244,'other_images','ProductVariant',233,244,'2021-12-30 18:05:20.573648');
INSERT INTO active_storage_attachments VALUES(245,'other_images','ProductVariant',233,245,'2021-12-30 18:05:20.588390');
INSERT INTO active_storage_attachments VALUES(246,'other_images','ProductVariant',233,246,'2021-12-30 18:05:20.604771');
INSERT INTO active_storage_attachments VALUES(247,'other_images','ProductVariant',233,247,'2021-12-30 18:05:20.619728');
INSERT INTO active_storage_attachments VALUES(248,'main_image','ProductVariant',234,248,'2021-12-30 18:07:13.000989');
INSERT INTO active_storage_attachments VALUES(249,'other_images','ProductVariant',234,249,'2021-12-30 18:07:13.025842');
INSERT INTO active_storage_attachments VALUES(250,'other_images','ProductVariant',234,250,'2021-12-30 18:07:13.040311');
INSERT INTO active_storage_attachments VALUES(251,'other_images','ProductVariant',234,251,'2021-12-30 18:07:13.058049');
INSERT INTO active_storage_attachments VALUES(252,'main_image','ProductVariant',235,252,'2021-12-30 18:08:55.742818');
INSERT INTO active_storage_attachments VALUES(253,'other_images','ProductVariant',235,253,'2021-12-30 18:08:55.765739');
INSERT INTO active_storage_attachments VALUES(254,'other_images','ProductVariant',235,254,'2021-12-30 18:08:55.781751');
INSERT INTO active_storage_attachments VALUES(255,'other_images','ProductVariant',235,255,'2021-12-30 18:08:55.797179');
INSERT INTO active_storage_attachments VALUES(256,'main_image','ProductVariant',236,256,'2021-12-30 18:10:39.173207');
INSERT INTO active_storage_attachments VALUES(257,'other_images','ProductVariant',236,257,'2021-12-30 18:10:39.197841');
INSERT INTO active_storage_attachments VALUES(258,'other_images','ProductVariant',236,258,'2021-12-30 18:10:39.214670');
INSERT INTO active_storage_attachments VALUES(259,'other_images','ProductVariant',236,259,'2021-12-30 18:10:39.229450');
INSERT INTO active_storage_attachments VALUES(260,'main_image','ProductVariant',237,260,'2021-12-30 18:12:13.056361');
INSERT INTO active_storage_attachments VALUES(261,'other_images','ProductVariant',237,261,'2021-12-30 18:12:13.079930');
INSERT INTO active_storage_attachments VALUES(262,'other_images','ProductVariant',237,262,'2021-12-30 18:12:13.095474');
INSERT INTO active_storage_attachments VALUES(263,'other_images','ProductVariant',237,263,'2021-12-30 18:12:13.111056');
INSERT INTO active_storage_attachments VALUES(265,'main_image','Product',103,265,'2022-01-01 20:54:18.894453');
CREATE TABLE IF NOT EXISTS "active_storage_variant_records" ("id" integer PRIMARY KEY AUTOINCREMENT NOT NULL, "blob_id" integer NOT NULL, "variation_digest" varchar NOT NULL, CONSTRAINT "fk_rails_993965df05"
FOREIGN KEY ("blob_id")
  REFERENCES "active_storage_blobs" ("id")
);
CREATE TABLE IF NOT EXISTS "categories" ("id" integer PRIMARY KEY AUTOINCREMENT NOT NULL, "name" varchar, "category_of" integer, "created_at" datetime(6) NOT NULL, "updated_at" datetime(6) NOT NULL, "discarded_at" datetime);
INSERT INTO categories VALUES(1,'Electronic',0,'2021-12-27 12:36:10.178839','2021-12-27 12:36:10.178839',NULL);
INSERT INTO categories VALUES(2,'Men''s Fashion',0,'2021-12-27 12:36:21.511194','2021-12-30 07:29:13.209559',NULL);
INSERT INTO categories VALUES(3,'Women''s Fashion',0,'2021-12-27 12:36:45.205101','2021-12-30 07:29:27.703737',NULL);
INSERT INTO categories VALUES(4,'Salon',1,'2021-12-27 12:37:14.563346','2021-12-27 12:37:14.563346',NULL);
INSERT INTO categories VALUES(5,'Food',1,'2021-12-27 13:30:07.453130','2021-12-27 13:30:07.453130',NULL);
INSERT INTO categories VALUES(6,'Mobile',0,'2021-12-30 07:29:50.820877','2021-12-30 07:29:50.820877',NULL);
INSERT INTO categories VALUES(7,'Watch',0,'2021-12-30 17:17:09.801687','2021-12-30 17:17:09.801687',NULL);
INSERT INTO categories VALUES(8,'Television',0,'2021-12-30 17:47:19.274714','2021-12-30 17:47:19.274714',NULL);
CREATE TABLE IF NOT EXISTS "wishlists" ("id" integer PRIMARY KEY AUTOINCREMENT NOT NULL, "user_id" integer NOT NULL, "product_variant_id" integer NOT NULL, "created_at" datetime(6) NOT NULL, "updated_at" datetime(6) NOT NULL, CONSTRAINT "fk_rails_eb66139660"
FOREIGN KEY ("user_id")
  REFERENCES "users" ("id")
, CONSTRAINT "fk_rails_504dc0df39"
FOREIGN KEY ("product_variant_id")
  REFERENCES "product_variants" ("id")
);
INSERT INTO wishlists VALUES(37,10,3,'2021-12-28 09:35:12.786436','2021-12-28 09:35:12.786436');
INSERT INTO wishlists VALUES(59,4,210,'2022-01-02 14:49:01.567537','2022-01-02 14:49:01.567537');
CREATE TABLE IF NOT EXISTS "notifications" ("id" integer NOT NULL PRIMARY KEY, "title" varchar DEFAULT NULL, "content" text DEFAULT NULL, "notifiable_type" varchar NOT NULL, "notifiable_id" integer NOT NULL, "created_at" datetime(6) NOT NULL, "updated_at" datetime(6) NOT NULL);
INSERT INTO notifications VALUES(143,'A new user is arrived','Seller2 has registered successfully','User',12,'2021-12-22 17:07:10.093562','2021-12-22 17:07:10.093562');
INSERT INTO notifications VALUES(4190,'A new Product is added',' Aerodynamic Rubber Clock product is available by admin','ProductVariant',2,'2021-12-27 13:33:00.709710','2021-12-27 13:33:00.709710');
INSERT INTO notifications VALUES(4191,'A new Product is added',' Aerodynamic Rubber Clock product is available by admin','ProductVariant',3,'2021-12-27 13:33:00.869201','2021-12-27 13:33:00.869201');
INSERT INTO notifications VALUES(4192,'A new Product is added',' Aerodynamic Rubber Clock product is available by admin','ProductVariant',4,'2021-12-27 13:33:00.899048','2021-12-27 13:33:00.899048');
INSERT INTO notifications VALUES(4218,'A new Product is added',' Aerodynamic Bronze Shoes product is available by admin','ProductVariant',30,'2021-12-27 13:33:02.877834','2021-12-27 13:33:02.877834');
INSERT INTO notifications VALUES(4219,'A new Product is added',' Aerodynamic Bronze Shoes product is available by admin','ProductVariant',31,'2021-12-27 13:33:02.918978','2021-12-27 13:33:02.918978');
INSERT INTO notifications VALUES(4220,'A new Product is added',' Aerodynamic Bronze Shoes product is available by admin','ProductVariant',32,'2021-12-27 13:33:02.949176','2021-12-27 13:33:02.949176');
INSERT INTO notifications VALUES(4227,'A new Product is added',' Aerodynamic Silk Bench product is available by admin','ProductVariant',39,'2021-12-27 13:33:03.343482','2021-12-27 13:33:03.343482');
INSERT INTO notifications VALUES(4228,'A new Product is added',' Aerodynamic Silk Bench product is available by admin','ProductVariant',40,'2021-12-27 13:33:03.376446','2021-12-27 13:33:03.376446');
INSERT INTO notifications VALUES(4229,'A new Product is added',' Aerodynamic Silk Bench product is available by admin','ProductVariant',41,'2021-12-27 13:33:03.406978','2021-12-27 13:33:03.406978');
INSERT INTO notifications VALUES(4234,'A new Product is added',' Durable Leather Table product is available by admin','ProductVariant',46,'2021-12-27 13:33:03.703505','2021-12-27 13:33:03.703505');
INSERT INTO notifications VALUES(4235,'A new Product is added',' Durable Leather Table product is available by admin','ProductVariant',47,'2021-12-27 13:33:03.739719','2021-12-27 13:33:03.739719');
INSERT INTO notifications VALUES(4242,'A new Product is added',' Practical Wooden Bag product is available by admin','ProductVariant',54,'2021-12-27 13:33:04.326329','2021-12-27 13:33:04.326329');
INSERT INTO notifications VALUES(4245,'A new Product is added',' Small Granite Keyboard product is available by admin','ProductVariant',57,'2021-12-27 13:33:04.653930','2021-12-27 13:33:04.653930');
INSERT INTO notifications VALUES(4251,'A new Product is added',' Synergistic Aluminum Knife product is available by admin','ProductVariant',63,'2021-12-27 13:33:04.992730','2021-12-27 13:33:04.992730');
INSERT INTO notifications VALUES(4252,'A new Product is added',' Synergistic Aluminum Knife product is available by admin','ProductVariant',64,'2021-12-27 13:33:05.036712','2021-12-27 13:33:05.036712');
INSERT INTO notifications VALUES(4260,'A new Product is added',' Awesome Granite Watch product is available by admin','ProductVariant',72,'2021-12-27 13:33:05.759292','2021-12-27 13:33:05.759292');
INSERT INTO notifications VALUES(4278,'A new Product is added',' Lightweight Iron Watch product is available by admin','ProductVariant',90,'2021-12-27 13:33:06.994581','2021-12-27 13:33:06.994581');
INSERT INTO notifications VALUES(4279,'A new Product is added',' Lightweight Iron Watch product is available by admin','ProductVariant',91,'2021-12-27 13:33:07.120367','2021-12-27 13:33:07.120367');
INSERT INTO notifications VALUES(4282,'A new Product is added',' Durable Linen Shirt product is available by admin','ProductVariant',94,'2021-12-27 13:33:07.315030','2021-12-27 13:33:07.315030');
INSERT INTO notifications VALUES(4285,'A new Product is added',' Sleek Leather Clock product is available by admin','ProductVariant',97,'2021-12-27 13:33:07.537266','2021-12-27 13:33:07.537266');
INSERT INTO notifications VALUES(4286,'A new Product is added',' Sleek Leather Clock product is available by admin','ProductVariant',98,'2021-12-27 13:33:07.576658','2021-12-27 13:33:07.576658');
INSERT INTO notifications VALUES(4287,'A new Product is added',' Sleek Leather Clock product is available by admin','ProductVariant',99,'2021-12-27 13:33:07.617556','2021-12-27 13:33:07.617556');
INSERT INTO notifications VALUES(4293,'A new Product is added',' Intelligent Granite Shirt product is available by admin','ProductVariant',105,'2021-12-27 13:33:07.964870','2021-12-27 13:33:07.964870');
INSERT INTO notifications VALUES(4294,'A new Product is added',' Intelligent Granite Shirt product is available by admin','ProductVariant',106,'2021-12-27 13:33:08.015570','2021-12-27 13:33:08.015570');
INSERT INTO notifications VALUES(4303,'A new Product is added',' Awesome Aluminum Bench product is available by admin','ProductVariant',115,'2021-12-27 13:33:08.777895','2021-12-27 13:33:08.777895');
INSERT INTO notifications VALUES(4304,'A new Product is added',' Awesome Aluminum Bench product is available by admin','ProductVariant',116,'2021-12-27 13:33:08.936857','2021-12-27 13:33:08.936857');
INSERT INTO notifications VALUES(4306,'A new Product is added',' Small Concrete Plate product is available by admin','ProductVariant',118,'2021-12-27 13:33:09.087565','2021-12-27 13:33:09.087565');
INSERT INTO notifications VALUES(4307,'A new Product is added',' Small Concrete Plate product is available by admin','ProductVariant',119,'2021-12-27 13:33:09.121355','2021-12-27 13:33:09.121355');
INSERT INTO notifications VALUES(4308,'A new Product is added',' Heavy Duty Silk Keyboard product is available by admin','ProductVariant',120,'2021-12-27 13:33:09.194843','2021-12-27 13:33:09.194843');
INSERT INTO notifications VALUES(4316,'A new Product is added',' Awesome Leather Wallet product is available by admin','ProductVariant',128,'2021-12-27 13:33:09.720065','2021-12-27 13:33:09.720065');
INSERT INTO notifications VALUES(4317,'A new Product is added',' Awesome Leather Wallet product is available by admin','ProductVariant',129,'2021-12-27 13:33:09.756653','2021-12-27 13:33:09.756653');
INSERT INTO notifications VALUES(4318,'A new Product is added',' Awesome Leather Wallet product is available by admin','ProductVariant',130,'2021-12-27 13:33:09.796303','2021-12-27 13:33:09.796303');
INSERT INTO notifications VALUES(4321,'A new Product is added',' Sleek Plastic Wallet product is available by admin','ProductVariant',133,'2021-12-27 13:33:10.000843','2021-12-27 13:33:10.000843');
INSERT INTO notifications VALUES(4322,'A new Product is added',' Sleek Plastic Wallet product is available by admin','ProductVariant',134,'2021-12-27 13:33:10.318061','2021-12-27 13:33:10.318061');
INSERT INTO notifications VALUES(4323,'A new Product is added',' Sleek Plastic Wallet product is available by admin','ProductVariant',135,'2021-12-27 13:33:10.371258','2021-12-27 13:33:10.371258');
INSERT INTO notifications VALUES(4342,'A new Product is added',' Fantastic Cotton Bag product is available by admin','ProductVariant',154,'2021-12-27 13:33:11.526655','2021-12-27 13:33:11.526655');
INSERT INTO notifications VALUES(4343,'A new Product is added',' Fantastic Cotton Bag product is available by admin','ProductVariant',155,'2021-12-27 13:33:11.564245','2021-12-27 13:33:11.564245');
INSERT INTO notifications VALUES(4344,'A new Product is added',' Fantastic Cotton Bag product is available by admin','ProductVariant',156,'2021-12-27 13:33:11.595925','2021-12-27 13:33:11.595925');
INSERT INTO notifications VALUES(4350,'A new Product is added',' Durable Paper Keyboard product is available by admin','ProductVariant',162,'2021-12-27 13:33:12.261947','2021-12-27 13:33:12.261947');
INSERT INTO notifications VALUES(4351,'A new Product is added',' Fantastic Aluminum Pants product is available by admin','ProductVariant',163,'2021-12-27 13:33:12.337378','2021-12-27 13:33:12.337378');
INSERT INTO notifications VALUES(4352,'A new Product is added',' Fantastic Aluminum Pants product is available by admin','ProductVariant',164,'2021-12-27 13:33:12.379219','2021-12-27 13:33:12.379219');
INSERT INTO notifications VALUES(4353,'A new Product is added',' Small Aluminum Car product is available by admin','ProductVariant',165,'2021-12-27 13:33:12.444110','2021-12-27 13:33:12.444110');
INSERT INTO notifications VALUES(4366,'A new Product is added',' Awesome Iron Shoes product is available by admin','ProductVariant',178,'2021-12-27 13:33:13.226105','2021-12-27 13:33:13.226105');
INSERT INTO notifications VALUES(4367,'A new Product is added',' Awesome Iron Shoes product is available by admin','ProductVariant',179,'2021-12-27 13:33:13.258475','2021-12-27 13:33:13.258475');
INSERT INTO notifications VALUES(4368,'A new Product is added',' Awesome Iron Shoes product is available by admin','ProductVariant',180,'2021-12-27 13:33:13.291506','2021-12-27 13:33:13.291506');
INSERT INTO notifications VALUES(4375,'A new Product is added',' Ergonomic Wool Clock product is available by admin','ProductVariant',187,'2021-12-27 13:33:13.680280','2021-12-27 13:33:13.680280');
INSERT INTO notifications VALUES(4383,'A new Product is added',' Small Rubber Knife product is available by admin','ProductVariant',195,'2021-12-27 13:33:14.174419','2021-12-27 13:33:14.174419');
INSERT INTO notifications VALUES(4384,'A new Product is added',' Small Rubber Knife product is available by admin','ProductVariant',196,'2021-12-27 13:33:14.212447','2021-12-27 13:33:14.212447');
INSERT INTO notifications VALUES(4388,'A new Product is added',' Mediocre Concrete Table product is available by admin','ProductVariant',200,'2021-12-27 13:33:14.498376','2021-12-27 13:33:14.498376');
INSERT INTO notifications VALUES(4389,'A new Product is added',' Mediocre Concrete Table product is available by admin','ProductVariant',201,'2021-12-27 13:33:14.533153','2021-12-27 13:33:14.533153');
INSERT INTO notifications VALUES(4394,'A new Product is added',' Incredible Granite Car product is available by admin','ProductVariant',206,'2021-12-27 13:33:14.881883','2021-12-27 13:33:14.881883');
INSERT INTO notifications VALUES(4409,'A new Product is added',' Sony product is available by admin','ProductVariant',208,'2021-12-30 09:07:31.175048','2021-12-30 09:07:31.175048');
INSERT INTO notifications VALUES(4410,'A new Product is added',' Roadster product is available by admin','ProductVariant',209,'2021-12-30 09:12:36.803275','2021-12-30 09:12:36.803275');
INSERT INTO notifications VALUES(4411,'A new Product is added',' Raymond product is available by admin','ProductVariant',210,'2021-12-30 09:59:46.387251','2021-12-30 09:59:46.387251');
INSERT INTO notifications VALUES(4412,'A new Product is added',' Locomotive product is available by admin','ProductVariant',211,'2021-12-30 10:01:31.157512','2021-12-30 10:01:31.157512');
INSERT INTO notifications VALUES(4413,'A new Product is added',' Highlander product is available by admin','ProductVariant',212,'2021-12-30 10:03:17.246856','2021-12-30 10:03:17.246856');
INSERT INTO notifications VALUES(4414,'A new Product is added',' Cargo product is available by admin','ProductVariant',213,'2021-12-30 10:04:48.697410','2021-12-30 10:04:48.697410');
INSERT INTO notifications VALUES(4415,'A new Product is added',' Calvin Klein product is available by admin','ProductVariant',214,'2021-12-30 10:06:50.081886','2021-12-30 10:06:50.081886');
INSERT INTO notifications VALUES(4416,'A new Product is added',' Mast & Harbour product is available by admin','ProductVariant',215,'2021-12-30 10:09:01.198862','2021-12-30 10:09:01.198862');
INSERT INTO notifications VALUES(4422,'An order has been placed','A customer has ordered a ProductVariant','Order',2,'2021-12-30 11:11:22.868864','2021-12-30 11:11:22.868864');
INSERT INTO notifications VALUES(4423,'New Product','Libas product is available by %{user.name}','ProductVariant',216,'2021-12-30 15:27:14.701559','2021-12-30 15:27:14.701559');
INSERT INTO notifications VALUES(4424,'New Product','Jaipur Kurti product is available by %{user.name}','ProductVariant',217,'2021-12-30 15:31:11.276000','2021-12-30 15:31:11.276000');
INSERT INTO notifications VALUES(4425,'New Product','Anouk product is available by %{user.name}','ProductVariant',218,'2021-12-30 15:33:02.600681','2021-12-30 15:33:02.600681');
INSERT INTO notifications VALUES(4426,'New Product','Varanga product is available by %{user.name}','ProductVariant',219,'2021-12-30 15:34:50.974129','2021-12-30 15:34:50.974129');
INSERT INTO notifications VALUES(4427,'New Product','Mitera product is available by %{user.name}','ProductVariant',220,'2021-12-30 15:36:14.996886','2021-12-30 15:36:14.996886');
INSERT INTO notifications VALUES(4428,'New Product','SBO Fashion product is available by %{user.name}','ProductVariant',221,'2021-12-30 15:37:49.072590','2021-12-30 15:37:49.072590');
INSERT INTO notifications VALUES(4429,'New Product','Raymond product is available by %{user.name}','ProductVariant',222,'2021-12-30 15:40:31.986025','2021-12-30 15:40:31.986025');
INSERT INTO notifications VALUES(4430,'New Product','Dressberry product is available by %{user.name}','ProductVariant',223,'2021-12-30 17:19:06.025497','2021-12-30 17:19:06.025497');
INSERT INTO notifications VALUES(4431,'New Product','Armani Exchange product is available by %{user.name}','ProductVariant',224,'2021-12-30 17:22:58.355660','2021-12-30 17:22:58.355660');
INSERT INTO notifications VALUES(4432,'New Product','French Connection product is available by %{user.name}','ProductVariant',225,'2021-12-30 17:24:36.599312','2021-12-30 17:24:36.599312');
INSERT INTO notifications VALUES(4433,'New Product','Roadster product is available by %{user.name}','ProductVariant',226,'2021-12-30 17:25:56.598665','2021-12-30 17:25:56.598665');
INSERT INTO notifications VALUES(4434,'New Product','Scuderia Ferrari product is available by %{user.name}','ProductVariant',227,'2021-12-30 17:28:06.250603','2021-12-30 17:28:06.250603');
INSERT INTO notifications VALUES(4435,'New Product','Fossil product is available by %{user.name}','ProductVariant',228,'2021-12-30 17:32:25.233149','2021-12-30 17:32:25.233149');
INSERT INTO notifications VALUES(4436,'New Product','Armaani product is available by %{user.name}','ProductVariant',229,'2021-12-30 17:35:53.221597','2021-12-30 17:35:53.221597');
INSERT INTO notifications VALUES(4437,'New Product','Samsung Galaxy M51 product is available by %{user.name}','ProductVariant',230,'2021-12-30 17:52:45.372930','2021-12-30 17:52:45.372930');
INSERT INTO notifications VALUES(4438,'New Product','Oppo product is available by %{user.name}','ProductVariant',231,'2021-12-30 18:02:08.424470','2021-12-30 18:02:08.424470');
INSERT INTO notifications VALUES(4439,'New Product','New Apple iPhone 12 Mini (128GB) - Blue product is available by %{user.name}','ProductVariant',232,'2021-12-30 18:03:30.186064','2021-12-30 18:03:30.186064');
INSERT INTO notifications VALUES(4440,'New Product','Redmi Note 10 Pro Max (Vintage Bronze, 8GB RAM, 128GB Storage) -108MP Quad Camera|120Hz Super Amoled Display | NCEMI Upto 6 Months product is available by %{user.name}','ProductVariant',233,'2021-12-30 18:05:20.492507','2021-12-30 18:05:20.492507');
INSERT INTO notifications VALUES(4441,'New Product','Samsung Galaxy S20 FE 5G (Cloud Navy, 8GB RAM, 128GB Storage) product is available by %{user.name}','ProductVariant',234,'2021-12-30 18:07:12.942443','2021-12-30 18:07:12.942443');
INSERT INTO notifications VALUES(4442,'New Product','Redmi 9 (Sky Blue, 4GB RAM, 64GB Storage)| 5000 mAh| 2.3GHz Mediatek Helio G35 Octa core Processor product is available by %{user.name}','ProductVariant',235,'2021-12-30 18:08:55.684230','2021-12-30 18:08:55.684230');
INSERT INTO notifications VALUES(4443,'New Product','Samsung Galaxy M11 product is available by %{user.name}','ProductVariant',236,'2021-12-30 18:10:39.117767','2021-12-30 18:10:39.117767');
INSERT INTO notifications VALUES(4444,'New Product','Redmi Note 9 (Pebble Grey, 4GB RAM 64GB Storage) - 48MP Quad Camera & Full HD+ Display product is available by %{user.name}','ProductVariant',237,'2021-12-30 18:12:13.000806','2021-12-30 18:12:13.000806');
INSERT INTO notifications VALUES(4445,'New Service','Massage Service is available by admin','ProductService',1,'2021-12-30 19:53:03.647192','2021-12-30 19:53:03.647192');
INSERT INTO notifications VALUES(4448,'New Product','fasf product is available by seller','ProductVariant',238,'2021-12-31 07:51:32.231693','2021-12-31 07:51:32.231693');
INSERT INTO notifications VALUES(4449,'An order has been placed','A customer has ordered a ProductVariant','Order',3,'2022-01-01 12:20:03.842843','2022-01-01 12:20:03.842843');
INSERT INTO notifications VALUES(4450,'An order has been placed','A customer has ordered a ProductService','Order',4,'2022-01-01 12:53:25.840329','2022-01-01 12:53:25.840329');
INSERT INTO notifications VALUES(4451,'An order has been placed','A customer has ordered a ProductService','Order',5,'2022-01-01 12:54:33.818519','2022-01-01 12:54:33.818519');
INSERT INTO notifications VALUES(4452,'An order has been placed','A customer has ordered a ProductVariant','Order',6,'2022-01-02 10:59:04.903260','2022-01-02 10:59:04.903260');
INSERT INTO notifications VALUES(4453,'An order has been placed','A customer has ordered a ProductVariant','Order',7,'2022-01-02 11:00:33.316572','2022-01-02 11:00:33.316572');
INSERT INTO notifications VALUES(4454,'An order has been placed','A customer has ordered a ProductVariant','Order',8,'2022-01-02 11:30:50.807247','2022-01-02 11:30:50.807247');
INSERT INTO notifications VALUES(4457,'An order has been placed','A customer has ordered a ProductVariant','Order',11,'2022-01-04 04:53:49.334182','2022-01-04 04:53:49.334182');
INSERT INTO notifications VALUES(4458,'An order has been placed','A customer has ordered a ProductService','Order',12,'2022-01-04 04:57:26.485275','2022-01-04 04:57:26.485275');
INSERT INTO notifications VALUES(4459,'An order has been placed','A customer has ordered a ProductService','Order',13,'2022-01-04 04:57:54.246829','2022-01-04 04:57:54.246829');
INSERT INTO notifications VALUES(4460,'An order has been placed','A customer has ordered a ProductService','Order',14,'2022-01-04 04:58:44.033561','2022-01-04 04:58:44.033561');
INSERT INTO notifications VALUES(4461,'New Product','product_seller2 product is available by Seller2','ProductVariant',239,'2022-01-04 07:26:07.119689','2022-01-04 07:26:07.119689');
INSERT INTO notifications VALUES(4462,'New Product','product_seller2 product is available by Seller2','ProductVariant',240,'2022-01-04 07:26:27.407078','2022-01-04 07:26:27.407078');
INSERT INTO notifications VALUES(4463,'New Product','Mast & Harbour product is available by Seller2','ProductVariant',241,'2022-01-04 07:26:53.345648','2022-01-04 07:26:53.345648');
INSERT INTO notifications VALUES(4464,'Account Deleted','User has deleted his account','User',4,'2022-01-04 07:27:08.881796','2022-01-04 07:27:08.881796');
INSERT INTO notifications VALUES(4465,'Account Deleted','User has deleted his account','User',4,'2022-01-04 07:28:15.497121','2022-01-04 07:28:15.497121');
INSERT INTO notifications VALUES(4466,'Account Deleted','User has deleted his account','User',4,'2022-01-04 07:29:11.170139','2022-01-04 07:29:11.170139');
INSERT INTO notifications VALUES(4467,'Account Deleted','User has deleted his account','User',4,'2022-01-04 07:36:04.383297','2022-01-04 07:36:04.383297');
INSERT INTO notifications VALUES(4468,'Account Deleted','User has deleted his account','User',4,'2022-01-04 07:37:33.827137','2022-01-04 07:37:33.827137');
INSERT INTO notifications VALUES(4469,'A new user is arrived','seller3 has registered successfully','User',13,'2022-01-04 07:40:47.075173','2022-01-04 07:40:47.075173');
INSERT INTO notifications VALUES(4470,'New Product','seller3 product product is available by seller3','ProductVariant',242,'2022-01-04 07:42:01.752670','2022-01-04 07:42:01.752670');
INSERT INTO notifications VALUES(4471,'A new user is arrived','buyer3 has registered successfully','User',14,'2022-01-04 07:43:59.008611','2022-01-04 07:43:59.008611');
INSERT INTO notifications VALUES(4472,'Account Deleted','User has deleted his account','User',4,'2022-01-04 07:44:56.412423','2022-01-04 07:44:56.412423');
CREATE TABLE IF NOT EXISTS "orders" ("id" integer NOT NULL PRIMARY KEY, "orderable_type" varchar NOT NULL, "orderable_id" integer NOT NULL, "total_amount" float DEFAULT NULL, "created_at" datetime(6) NOT NULL, "updated_at" datetime(6) NOT NULL, "start_time" time DEFAULT NULL, "qty" integer DEFAULT NULL, "user_id" integer NOT NULL, "cart" boolean DEFAULT NULL, "end_time" time DEFAULT NULL, "date" date DEFAULT NULL, "duration" integer DEFAULT NULL, CONSTRAINT "fk_rails_f868b47f6a"
FOREIGN KEY ("user_id")
  REFERENCES "users" ("id")
);
INSERT INTO orders VALUES(2,'ProductVariant',209,889.99999999999999996,'2021-12-30 11:11:22.845555','2021-12-30 11:11:22.845555',NULL,1,10,1,NULL,NULL,NULL);
INSERT INTO orders VALUES(3,'ProductVariant',208,784.99999999999999999,'2022-01-01 12:20:03.830732','2022-01-01 12:20:03.830732',NULL,1,10,1,NULL,NULL,NULL);
INSERT INTO orders VALUES(4,'ProductService',1,500.0,'2022-01-01 12:53:25.205468','2022-01-03 19:11:30.849376','2000-01-01 09:30:00',NULL,10,1,'2000-01-01 10:00:00','2022-01-10',30);
INSERT INTO orders VALUES(5,'ProductService',1,500.0,'2022-01-01 12:54:33.782678','2022-01-01 12:54:33.782678','2000-01-01 09:00:00',1,10,0,'2000-01-01 09:30:00','2022-01-10',30);
INSERT INTO orders VALUES(6,'ProductVariant',212,780.00000000000000001,'2022-01-02 10:59:04.855788','2022-01-02 11:00:01.530501',NULL,2,10,1,NULL,NULL,NULL);
INSERT INTO orders VALUES(7,'ProductVariant',215,9855.9999999999999996,'2022-01-02 11:00:33.301985','2022-01-02 11:00:33.301985',NULL,1,10,1,NULL,NULL,NULL);
INSERT INTO orders VALUES(8,'ProductVariant',210,14500.0,'2022-01-02 11:30:50.689167','2022-01-02 11:30:50.689167',NULL,1,10,1,NULL,NULL,NULL);
INSERT INTO orders VALUES(11,'ProductVariant',211,7851.9999999999999999,'2022-01-04 04:53:49.312816','2022-01-04 04:53:49.312816',NULL,1,7,0,NULL,NULL,NULL);
INSERT INTO orders VALUES(12,'ProductService',1,500.0,'2022-01-04 04:57:26.462707','2022-01-04 04:57:26.462707','2000-01-01 09:00:00',1,7,0,'2000-01-01 09:30:00','2022-01-12',30);
INSERT INTO orders VALUES(13,'ProductService',1,500.0,'2022-01-04 04:57:54.224134','2022-01-04 05:00:08.596915','2000-01-01 10:00:00',NULL,7,0,'2000-01-01 10:30:00','2022-01-12',30);
INSERT INTO orders VALUES(14,'ProductService',1,500.0,'2022-01-04 04:58:44.006663','2022-01-04 04:58:44.006663','2000-01-01 09:30:00',1,7,0,'2000-01-01 10:00:00','2022-01-12',30);
CREATE TABLE IF NOT EXISTS "products" ("id" integer NOT NULL PRIMARY KEY, "name" varchar DEFAULT NULL, "description" text DEFAULT NULL, "created_at" datetime(6) NOT NULL, "updated_at" datetime(6) NOT NULL, "user_id" integer NOT NULL, "category_id" integer NOT NULL, "discarded_at" datetime, CONSTRAINT "fk_rails_fb915499a4"
FOREIGN KEY ("category_id")
  REFERENCES "categories" ("id")
, CONSTRAINT "fk_rails_dee2631783"
FOREIGN KEY ("user_id")
  REFERENCES "users" ("id")
);
INSERT INTO products VALUES(1,'Sony','This is SONY TELEVISION','2021-12-27 13:21:13.068181','2021-12-27 13:21:13.068181',4,1,NULL);
INSERT INTO products VALUES(2,'Aerodynamic metal Clock','Velit corrupti voluptas sint iste maiores aut quia et et.','2021-12-27 13:33:00.548802','2021-12-29 10:22:52.102883',4,1,NULL);
INSERT INTO products VALUES(14,'Aerodynamic Bronze Shoes','Voluptas odit ratione ipsa unde repellendus qui occaecati modi eos.','2021-12-27 13:33:02.825691','2022-01-01 10:45:50.185460',4,1,'2022-01-01 10:45:50.184938');
INSERT INTO products VALUES(17,'Aerodynamic Silk Bench','Magni quibusdam sit et deserunt illo et dignissimos dolor unde.','2021-12-27 13:33:03.291920','2022-01-04 06:20:47.897171',4,1,'2022-01-04 06:20:47.896717');
INSERT INTO products VALUES(20,'Durable Leather Table','Quis itaque aut consequatur consequatur architecto sed esse veritatis tempore.','2021-12-27 13:33:03.655420','2021-12-27 13:33:03.655420',4,1,NULL);
INSERT INTO products VALUES(25,'Practical Wooden Bag','In assumenda aut odio culpa eaque itaque quia laboriosam non.','2021-12-27 13:33:04.132988','2021-12-27 13:33:04.132988',4,1,NULL);
INSERT INTO products VALUES(27,'Small Granite Keyboard','Et laudantium aspernatur doloribus dolorem dolores nesciunt quas et eveniet.','2021-12-27 13:33:04.601475','2021-12-27 13:33:04.601475',4,1,NULL);
INSERT INTO products VALUES(30,'Synergistic Aluminum Knife','Mollitia voluptatum et nobis qui totam similique iure in beatae.','2021-12-27 13:33:04.955230','2021-12-27 13:33:04.955230',4,1,NULL);
INSERT INTO products VALUES(34,'Awesome Granite Watch','Veritatis consectetur ut laboriosam adipisci fuga quis voluptates quis corrupti.','2021-12-27 13:33:05.710850','2021-12-27 13:33:05.710850',4,1,NULL);
INSERT INTO products VALUES(42,'Lightweight Iron Watch','Laudantium dignissimos amet nihil hic earum ipsam sint minima debitis.','2021-12-27 13:33:06.728654','2021-12-27 13:33:06.728654',4,1,NULL);
INSERT INTO products VALUES(44,'Durable Linen Shirt','Quia occaecati asperiores eum rem non aut quasi quo dolorum.','2021-12-27 13:33:07.266559','2021-12-27 13:33:07.266559',4,1,NULL);
INSERT INTO products VALUES(46,'Sleek Leather Clock','Dolorem tempore veritatis quibusdam est sunt laboriosam commodi omnis culpa.','2021-12-27 13:33:07.483580','2021-12-27 13:33:07.483580',4,1,NULL);
INSERT INTO products VALUES(49,'Intelligent Granite Shirt','Eum et exercitationem eos beatae est ullam dolore et dolores.','2021-12-27 13:33:07.891325','2021-12-27 13:33:07.891325',4,1,NULL);
INSERT INTO products VALUES(55,'Awesome Aluminum Bench','Amet autem esse cupiditate necessitatibus et alias vero nobis sed.','2021-12-27 13:33:08.564570','2021-12-27 13:33:08.564570',4,1,NULL);
INSERT INTO products VALUES(57,'Small Concrete Plate','Nobis quo vitae eligendi deserunt dolorum vero ducimus iusto qui.','2021-12-27 13:33:09.033975','2021-12-27 13:33:09.033975',4,1,NULL);
INSERT INTO products VALUES(58,'Heavy Duty Silk Keyboard','Voluptas officiis quam quisquam voluptatum dolorem est beatae neque molestiae.','2021-12-27 13:33:09.144442','2021-12-27 13:33:09.144442',4,1,NULL);
INSERT INTO products VALUES(63,'Awesome Leather Wallet','Suscipit rerum quis nisi est unde nulla dolore distinctio qui.','2021-12-27 13:33:09.666238','2021-12-27 13:33:09.666238',4,1,NULL);
INSERT INTO products VALUES(65,'Sleek Plastic Wallet','Odit voluptatum vel inventore pariatur ut expedita dolore commodi dolorem.','2021-12-27 13:33:09.942701','2021-12-27 13:33:09.942701',4,1,NULL);
INSERT INTO products VALUES(75,'Fantastic Cotton Bag','Fugit dolorem et atque nihil tempora dolore quod quam est.','2021-12-27 13:33:11.476895','2021-12-27 13:33:11.476895',4,1,NULL);
INSERT INTO products VALUES(79,'Durable Paper Keyboard','Aut in nam vitae ut aut adipisci quo laborum dolorem.','2021-12-27 13:33:12.218047','2021-12-27 13:33:12.218047',4,1,NULL);
INSERT INTO products VALUES(80,'Fantastic Aluminum Pants','Eos natus assumenda quidem aspernatur temporibus error nesciunt voluptatibus hic.','2021-12-27 13:33:12.286539','2021-12-27 13:33:12.286539',4,1,NULL);
INSERT INTO products VALUES(81,'Small Aluminum Car','Velit quisquam officia beatae dolores odit expedita reprehenderit consectetur sunt.','2021-12-27 13:33:12.405109','2021-12-27 13:33:12.405109',4,1,NULL);
INSERT INTO products VALUES(88,'Awesome Iron Shoes','Non et maiores harum et sunt alias vero consequatur repudiandae.','2021-12-27 13:33:13.170196','2021-12-27 13:33:13.170196',4,1,NULL);
INSERT INTO products VALUES(91,'Ergonomic Wool Clock','Itaque voluptatem dicta in possimus et harum dolorum et saepe.','2021-12-27 13:33:13.633891','2021-12-27 13:33:13.633891',4,1,NULL);
INSERT INTO products VALUES(95,'Small Rubber Knife','Id id at recusandae sit eum rerum aut ipsum esse.','2021-12-27 13:33:14.123961','2021-12-27 13:33:14.123961',4,1,NULL);
INSERT INTO products VALUES(98,'Mediocre Concrete Table','Unde dicta ex est hic nam earum ab rerum quis.','2021-12-27 13:33:14.435476','2021-12-27 13:33:14.435476',4,1,NULL);
INSERT INTO products VALUES(101,'Incredible Granite Car','Aut ratione nesciunt ut illo tenetur in quo aliquid eligendi.','2021-12-27 13:33:14.829952','2021-12-27 13:33:14.829952',4,1,NULL);
INSERT INTO products VALUES(103,'Roadster','This is Roadster','2021-12-30 09:12:36.782870','2022-01-01 20:54:18.901541',4,2,NULL);
INSERT INTO products VALUES(104,'Raymond','This is Raymond','2021-12-30 09:59:46.369170','2021-12-30 09:59:46.369170',4,2,NULL);
INSERT INTO products VALUES(105,'Locomotive','This is Locomotive','2021-12-30 10:01:31.137213','2021-12-30 10:01:31.137213',4,2,NULL);
INSERT INTO products VALUES(106,'Highlander','This is Highlander','2021-12-30 10:03:17.227846','2021-12-30 10:03:17.227846',4,2,NULL);
INSERT INTO products VALUES(107,'Cargo','This is cargo','2021-12-30 10:04:48.676942','2021-12-30 10:04:48.676942',4,2,NULL);
INSERT INTO products VALUES(108,'Calvin Klein','This is Calvin Klein','2021-12-30 10:06:50.061232','2021-12-30 10:06:50.061232',4,2,NULL);
INSERT INTO products VALUES(109,'Mast & Harbour','This is Mast & Harbour','2021-12-30 10:09:01.178831','2021-12-30 10:09:01.178831',4,2,NULL);
INSERT INTO products VALUES(110,'Libas','This is Libas','2021-12-30 15:27:14.680656','2021-12-30 15:29:19.686320',4,3,NULL);
INSERT INTO products VALUES(111,'Jaipur Kurti','This is jaipur kurti','2021-12-30 15:31:11.256127','2021-12-30 15:31:11.256127',4,3,NULL);
INSERT INTO products VALUES(112,'Anouk','This is Anouk','2021-12-30 15:33:02.581160','2021-12-30 15:33:02.581160',4,3,NULL);
INSERT INTO products VALUES(113,'Varanga','This is Varanga','2021-12-30 15:34:50.955163','2021-12-30 15:34:50.955163',4,3,NULL);
INSERT INTO products VALUES(114,'Mitera','This is Mitera','2021-12-30 15:36:14.973796','2021-12-30 15:36:14.973796',4,3,NULL);
INSERT INTO products VALUES(115,'SBO Fashion','This is SBO Fashion','2021-12-30 15:37:49.052704','2021-12-30 15:37:49.052704',4,3,NULL);
INSERT INTO products VALUES(116,'Raymond','This is Raymond','2021-12-30 15:40:31.968152','2021-12-30 15:40:31.968152',4,3,NULL);
INSERT INTO products VALUES(117,'Dressberry','This is Dressberry','2021-12-30 17:19:06.004688','2021-12-30 17:19:06.004688',4,7,NULL);
INSERT INTO products VALUES(118,'Armani Exchange','This is Armani Exchange','2021-12-30 17:22:58.330206','2021-12-30 17:22:58.330206',4,7,NULL);
INSERT INTO products VALUES(119,'French Connection','This is French Connection','2021-12-30 17:24:36.579338','2021-12-30 17:24:36.579338',4,7,NULL);
INSERT INTO products VALUES(120,'Roadster','This is Roadster','2021-12-30 17:25:56.578832','2021-12-30 17:25:56.578832',4,7,NULL);
INSERT INTO products VALUES(121,'Scuderia Ferrari','This is Scuderia Ferrari','2021-12-30 17:28:06.231223','2021-12-30 17:28:06.231223',4,7,NULL);
INSERT INTO products VALUES(122,'Fossil','This is Fossil','2021-12-30 17:32:25.213341','2021-12-30 17:32:25.213341',4,7,NULL);
INSERT INTO products VALUES(123,'Armaani','This is Armaani','2021-12-30 17:35:53.202085','2021-12-30 17:35:53.202085',4,7,NULL);
INSERT INTO products VALUES(124,'Samsung Galaxy M51','This is Samsung Galaxy M51','2021-12-30 17:52:45.340595','2021-12-30 17:52:45.340595',4,6,NULL);
INSERT INTO products VALUES(125,'Oppo','This is Oppo','2021-12-30 18:02:08.404168','2021-12-30 18:02:08.404168',4,6,NULL);
INSERT INTO products VALUES(126,'iPhone ','This is Iphone Mini 128gb','2021-12-30 18:03:30.167444','2021-12-30 18:23:18.668346',4,6,NULL);
INSERT INTO products VALUES(127,'Redmi Note 10','This is Redmi Note 10 ','2021-12-30 18:05:20.472516','2021-12-30 18:24:46.721048',4,6,NULL);
INSERT INTO products VALUES(128,'Samsung Galaxy','This is Samsung Galaxy','2021-12-30 18:07:12.922646','2021-12-30 18:25:59.319644',4,6,NULL);
INSERT INTO products VALUES(129,'Redmi 9 ','This is Redmi ','2021-12-30 18:08:55.663091','2021-12-30 18:27:31.875272',4,6,NULL);
INSERT INTO products VALUES(130,'Samsung Galaxy M11','This is Samsung Galaxy M11','2021-12-30 18:10:39.098344','2021-12-30 18:10:39.098344',4,6,NULL);
INSERT INTO products VALUES(131,'Redmi Note 9 (Pebble Grey, 4GB RAM 64GB Storage) - 48MP Quad Camera & Full HD+ Display','This is Redmi Note 9 (Pebble Grey, 4GB RAM 64GB Storage) - 48MP Quad Camera & Full HD+ Display','2021-12-30 18:12:12.982187','2021-12-30 18:12:12.982187',4,6,NULL);
INSERT INTO products VALUES(132,'fasf','cwecewe','2021-12-31 07:51:32.213808','2021-12-31 07:51:32.213808',8,1,NULL);
INSERT INTO products VALUES(133,'product_seller2','this is seller2 product','2022-01-04 07:26:07.099501','2022-01-04 07:37:33.903000',12,1,'2022-01-04 07:37:33.902433');
INSERT INTO products VALUES(134,'seller3 product','ghvg','2022-01-04 07:42:01.731986','2022-01-04 07:44:56.456503',13,6,'2022-01-04 07:44:56.456087');
CREATE TABLE IF NOT EXISTS "users" ("id" integer NOT NULL PRIMARY KEY, "email" varchar DEFAULT '' NOT NULL, "encrypted_password" varchar DEFAULT '' NOT NULL, "reset_password_token" varchar DEFAULT NULL, "reset_password_sent_at" datetime DEFAULT NULL, "remember_created_at" datetime DEFAULT NULL, "created_at" datetime(6) NOT NULL, "updated_at" datetime(6) NOT NULL, "role" integer NOT NULL, "name" varchar DEFAULT NULL, "discarded_at" datetime);
INSERT INTO users VALUES(4,'admin@gmail.com','$2a$12$RRWTGFzvSkLBH5Q920hEuePbzHLyCHlz/cQUx/EjJnXTlV411iIqy',NULL,NULL,NULL,'2021-12-06 10:42:39.086635','2021-12-06 10:42:39.086635',0,'admin',NULL);
INSERT INTO users VALUES(6,'raman@gmail.com','$2a$12$tl4zEfwfgFvF4FnlAe3m9OTqW98r1aBiIqx42NATxlcj2em6/Woaa',NULL,NULL,NULL,'2021-12-06 12:59:06.284741','2022-01-04 07:03:35.742459',1,'Raman','2022-01-04 07:03:35.742082');
INSERT INTO users VALUES(7,'buyer@gmail.com','$2a$12$MQz1.8pdWZ.Zqenyb/lhq.fNo5CtHdraq7t68VGmABnxJ3PNacWaK',NULL,NULL,NULL,'2021-12-06 13:49:29.597809','2022-01-04 05:09:51.841512',2,'buyer','2022-01-04 05:09:51.840992');
INSERT INTO users VALUES(8,'seller@gmail.com','$2a$12$50eZC5g3sDF6jLUxcRFQY.7oRflDjL95Jih68KeBQfKcPxzBCedsG',NULL,NULL,NULL,'2021-12-06 13:50:11.042707','2021-12-06 13:50:11.042707',1,'seller',NULL);
INSERT INTO users VALUES(9,'temp@gmail.com','$2a$12$AyT4CSLJc2Q5c1fZZbTw/u9s3Eqyl7bWp3ezqxrnE0PxFquOlTiM2',NULL,NULL,NULL,'2021-12-19 16:19:57.298397','2021-12-19 16:19:57.298397',2,'temp',NULL);
INSERT INTO users VALUES(10,'satish@gmail.com','$2a$12$Qh3pEud7W8L8a1osgodIg.tPiP6I1QSmaOlYZI5K08e3LmEbjJOC.',NULL,NULL,NULL,'2021-12-20 08:16:41.304902','2022-01-01 11:29:05.735921',2,'Satish','2022-01-01 11:29:05.735305');
INSERT INTO users VALUES(11,'buyer2@gmail.com','$2a$12$xmX/HUCgC.7wYEmMRInRRObPEhqETwh7efaIdk3LBeDfhgPl62Izm',NULL,NULL,NULL,'2021-12-20 15:32:56.383328','2021-12-20 15:32:56.383328',2,'buyer2',NULL);
INSERT INTO users VALUES(12,'seller2@gmail.com','$2a$12$Lsk6HjPQLQO93elbx2VIWuqDJQAlDv.ivZyABfHJFfE1HaFo66CiS',NULL,NULL,NULL,'2021-12-22 17:07:10.080719','2022-01-04 07:37:34.077510',1,'Seller2','2022-01-04 07:37:34.077054');
INSERT INTO users VALUES(13,'seller3@gmail.com','$2a$12$zoxcwIAaMthpdQxdM2Gyp.g1VBjXtMFiHxYtua.jKdlqPWPND3RLu',NULL,NULL,NULL,'2022-01-04 07:40:47.014371','2022-01-04 07:44:56.537202',1,'seller3','2022-01-04 07:44:56.536828');
INSERT INTO users VALUES(14,'buyer3@gmail.com','$2a$12$3DxndAcuxjCZ0VswjE719eETeIbl.L.XTNL3plkRUjsdAJR7RV4Ha',NULL,NULL,NULL,'2022-01-04 07:43:58.996107','2022-01-04 07:43:58.996107',2,'buyer3',NULL);
CREATE TABLE IF NOT EXISTS "search_products" ("id" integer PRIMARY KEY AUTOINCREMENT NOT NULL, "created_at" datetime(6) NOT NULL, "updated_at" datetime(6) NOT NULL);
CREATE TABLE IF NOT EXISTS "searches" ("id" integer PRIMARY KEY AUTOINCREMENT NOT NULL, "created_at" datetime(6) NOT NULL, "updated_at" datetime(6) NOT NULL);
CREATE TABLE IF NOT EXISTS "product_views" ("id" integer PRIMARY KEY AUTOINCREMENT NOT NULL, "viewable_type" varchar NOT NULL, "viewable_id" integer NOT NULL, "user_ip" varchar, "created_at" datetime(6) NOT NULL, "updated_at" datetime(6) NOT NULL);
INSERT INTO product_views VALUES(3,'ProductVariant',211,'106.67.73.53','2022-01-03 10:36:34.379991','2022-01-03 10:36:34.379991');
INSERT INTO product_views VALUES(4,'ProductVariant',212,'106.67.73.53','2022-01-03 11:43:56.258285','2022-01-03 11:43:56.258285');
INSERT INTO product_views VALUES(5,'ProductVariant',211,'1.65','2022-01-03 12:50:54.989888','2022-01-03 12:50:54.989888');
INSERT INTO product_views VALUES(6,'ProductVariant',211,'1784','2022-01-03 12:51:03.289738','2022-01-03 12:51:03.289738');
INSERT INTO product_views VALUES(7,'ProductVariant',211,'15684','2022-01-03 12:51:09.250238','2022-01-03 12:51:09.250238');
INSERT INTO product_views VALUES(8,'ProductVariant',209,'106.66.14.232','2022-01-03 13:12:25.091600','2022-01-03 13:12:25.091600');
INSERT INTO product_views VALUES(9,'ProductVariant',232,'106.66.14.232','2022-01-03 13:12:34.121787','2022-01-03 13:12:34.121787');
INSERT INTO product_views VALUES(10,'ProductVariant',234,'106.66.14.232','2022-01-03 13:13:05.528376','2022-01-03 13:13:05.528376');
INSERT INTO product_views VALUES(11,'ProductVariant',224,'106.66.14.232','2022-01-03 13:13:16.835674','2022-01-03 13:13:16.835674');
INSERT INTO product_views VALUES(12,'ProductVariant',230,'106.66.14.232','2022-01-03 13:13:36.725144','2022-01-03 13:13:36.725144');
INSERT INTO product_views VALUES(13,'ProductVariant',211,'106.66.14.232','2022-01-03 13:18:29.472926','2022-01-03 13:18:29.472926');
INSERT INTO product_views VALUES(14,'ProductVariant',232,'106.206.227.155','2022-01-03 17:31:55.050962','2022-01-03 17:31:55.050962');
INSERT INTO product_views VALUES(15,'ProductVariant',232,'106.67.39.91','2022-01-04 04:38:04.125743','2022-01-04 04:38:04.125743');
INSERT INTO product_views VALUES(16,'ProductVariant',211,'106.67.39.91','2022-01-04 04:54:16.898503','2022-01-04 04:54:16.898503');
INSERT INTO product_views VALUES(17,'ProductVariant',215,'106.67.39.91','2022-01-04 04:55:16.058369','2022-01-04 04:55:16.058369');
INSERT INTO product_views VALUES(18,'ProductVariant',238,'106.67.39.91','2022-01-04 05:08:31.534641','2022-01-04 05:08:31.534641');
INSERT INTO product_views VALUES(19,'ProductVariant',208,'106.67.39.91','2022-01-04 05:54:21.691918','2022-01-04 05:54:21.691918');
INSERT INTO product_views VALUES(20,'ProductVariant',2,'106.67.39.91','2022-01-04 06:10:26.137891','2022-01-04 06:10:26.137891');
INSERT INTO product_views VALUES(21,'ProductVariant',30,'106.67.39.91','2022-01-04 06:17:30.223154','2022-01-04 06:17:30.223154');
INSERT INTO product_views VALUES(22,'ProductVariant',3,'106.67.39.91','2022-01-04 06:33:13.851450','2022-01-04 06:33:13.851450');
INSERT INTO product_views VALUES(23,'ProductVariant',31,'106.67.39.91','2022-01-04 06:33:26.184937','2022-01-04 06:33:26.184937');
INSERT INTO product_views VALUES(24,'ProductVariant',240,'106.67.39.91','2022-01-04 07:26:31.030976','2022-01-04 07:26:31.030976');
INSERT INTO product_views VALUES(25,'ProductVariant',241,'106.67.39.91','2022-01-04 07:26:56.153162','2022-01-04 07:26:56.153162');
INSERT INTO product_views VALUES(26,'ProductVariant',242,'106.67.39.91','2022-01-04 07:42:23.100801','2022-01-04 07:42:23.100801');
INSERT INTO product_views VALUES(27,'ProductVariant',215,'106.66.10.119','2022-01-04 07:57:24.550807','2022-01-04 07:57:24.550807');
CREATE TABLE IF NOT EXISTS "product_services" ("id" integer NOT NULL PRIMARY KEY, "name" varchar DEFAULT NULL, "description" text DEFAULT NULL, "duration" integer DEFAULT NULL, "price" float DEFAULT NULL, "created_at" datetime(6) NOT NULL, "updated_at" datetime(6) NOT NULL, "user_id" integer NOT NULL, "start_time" time DEFAULT NULL, "end_time" time DEFAULT NULL, "category_id" integer NOT NULL, "discarded_at" datetime DEFAULT NULL, CONSTRAINT "fk_rails_bc501a7343"
FOREIGN KEY ("user_id")
  REFERENCES "users" ("id")
, CONSTRAINT "fk_rails_cac38207c7"
FOREIGN KEY ("category_id")
  REFERENCES "categories" ("id")
);
INSERT INTO product_services VALUES(1,'Massage','This is massage',30,500.0,'2021-12-30 19:53:03.634356','2021-12-30 19:53:03.634356',4,'2000-01-01 09:00:00','2000-01-01 21:00:00',4,NULL);
CREATE TABLE IF NOT EXISTS "product_variants" ("id" integer NOT NULL PRIMARY KEY, "batch_no" varchar DEFAULT NULL, "weight" varchar DEFAULT NULL, "price" float DEFAULT NULL, "quantity" integer DEFAULT NULL, "expiry" date DEFAULT NULL, "product_id" integer NOT NULL, "created_at" datetime(6) NOT NULL, "updated_at" datetime(6) NOT NULL, "user_id" integer NOT NULL, "discarded_at" datetime DEFAULT NULL, CONSTRAINT "fk_rails_dae52f850b"
FOREIGN KEY ("product_id")
  REFERENCES "products" ("id")
, CONSTRAINT "fk_rails_1664a7b8f6"
FOREIGN KEY ("user_id")
  REFERENCES "users" ("id")
);
INSERT INTO product_variants VALUES(2,'Keshia','649',42.670000000000001703,515,'2023-06-24',2,'2021-12-27 13:33:00.684516','2021-12-31 09:04:34.781980',4,'2021-12-31 09:04:34.781511');
INSERT INTO product_variants VALUES(3,'Mac','986',7.7999999999999998223,2687,'2023-04-13',2,'2021-12-27 13:33:00.863066','2021-12-27 13:33:00.863066',4,NULL);
INSERT INTO product_variants VALUES(4,'Jamel','690',98.670000000000001707,2023,'2023-09-08',2,'2021-12-27 13:33:00.892900','2021-12-27 13:33:00.892900',4,NULL);
INSERT INTO product_variants VALUES(30,'Maritza','1167',47.539999999999999146,1721,'2023-03-28',14,'2021-12-27 13:33:02.867404','2021-12-27 13:33:02.867404',4,NULL);
INSERT INTO product_variants VALUES(31,'Ronald','569',48.539999999999999145,1834,'2023-01-29',14,'2021-12-27 13:33:02.911788','2021-12-27 13:33:02.911788',4,NULL);
INSERT INTO product_variants VALUES(32,'Emilia','1078',21.870000000000000995,3365,'2023-08-12',14,'2021-12-27 13:33:02.943254','2021-12-27 13:33:02.943254',4,NULL);
INSERT INTO product_variants VALUES(39,'Donnie','1683',67.920000000000001704,3402,'2023-06-06',17,'2021-12-27 13:33:03.335938','2021-12-27 13:33:03.335938',4,NULL);
INSERT INTO product_variants VALUES(40,'Leigh','2239',90.829999999999998291,1417,'2022-10-28',17,'2021-12-27 13:33:03.370164','2021-12-27 13:33:03.370164',4,NULL);
INSERT INTO product_variants VALUES(41,'Simon','995',26.850000000000001421,615,'2022-10-31',17,'2021-12-27 13:33:03.400665','2021-12-27 13:33:03.400665',4,NULL);
INSERT INTO product_variants VALUES(46,'Kori','666',38.299999999999997158,1008,'2022-11-29',20,'2021-12-27 13:33:03.695357','2021-12-27 13:33:03.695357',4,NULL);
INSERT INTO product_variants VALUES(47,'Annita','2253',66.540000000000006251,2686,'2023-07-13',20,'2021-12-27 13:33:03.732349','2021-12-27 13:33:03.732349',4,NULL);
INSERT INTO product_variants VALUES(54,'Lashawnda','1686',72.560000000000002273,1850,'2022-11-24',25,'2021-12-27 13:33:04.298526','2021-12-27 13:33:04.298526',4,NULL);
INSERT INTO product_variants VALUES(57,'Huey','1797',93.420000000000001701,3295,'2023-08-04',27,'2021-12-27 13:33:04.646719','2021-12-27 13:33:04.646719',4,NULL);
INSERT INTO product_variants VALUES(63,'Bette','1392',99.739999999999994885,996,'2022-12-01',30,'2021-12-27 13:33:04.986813','2021-12-27 13:33:04.986813',4,NULL);
INSERT INTO product_variants VALUES(64,'Alishia','797',41.799999999999997157,3037,'2023-03-17',30,'2021-12-27 13:33:05.027679','2021-12-27 13:33:05.027679',4,NULL);
INSERT INTO product_variants VALUES(72,'Piedad','620',84.280000000000001138,1130,'2023-07-05',34,'2021-12-27 13:33:05.753296','2021-12-27 13:33:05.753296',4,NULL);
INSERT INTO product_variants VALUES(90,'Danelle','2343',58.539999999999999145,2250,'2023-01-20',42,'2021-12-27 13:33:06.947140','2021-12-27 13:33:06.947140',4,NULL);
INSERT INTO product_variants VALUES(91,'Rosario','1587',86.629999999999995454,1344,'2023-05-21',42,'2021-12-27 13:33:07.106746','2021-12-27 13:33:07.106746',4,NULL);
INSERT INTO product_variants VALUES(94,'Jonas','598',12.330000000000000071,2663,'2022-09-29',44,'2021-12-27 13:33:07.306113','2021-12-27 13:33:07.306113',4,NULL);
INSERT INTO product_variants VALUES(97,'Sherman','591',92.409999999999996589,2273,'2022-12-23',46,'2021-12-27 13:33:07.528254','2021-12-27 13:33:07.528254',4,NULL);
INSERT INTO product_variants VALUES(98,'Jana','1055',74.650000000000005682,3069,'2023-05-23',46,'2021-12-27 13:33:07.570246','2021-12-27 13:33:07.570246',4,NULL);
INSERT INTO product_variants VALUES(99,'Han','2451',97.799999999999997161,1356,'2023-01-02',46,'2021-12-27 13:33:07.608858','2021-12-27 13:33:07.608858',4,NULL);
INSERT INTO product_variants VALUES(105,'Georgeann','2228',30.890000000000000569,1353,'2022-11-10',49,'2021-12-27 13:33:07.954329','2021-12-27 13:33:07.954329',4,NULL);
INSERT INTO product_variants VALUES(106,'Jarrett','1607',96.219999999999998863,1832,'2023-06-06',49,'2021-12-27 13:33:08.004289','2021-12-27 13:33:08.004289',4,NULL);
INSERT INTO product_variants VALUES(115,'Oretha','856',10.75,2880,'2023-07-15',55,'2021-12-27 13:33:08.730462','2021-12-27 13:33:08.730462',4,NULL);
INSERT INTO product_variants VALUES(116,'Nathan','1226',98.260000000000005115,1218,'2022-10-01',55,'2021-12-27 13:33:08.925531','2021-12-27 13:33:08.925531',4,NULL);
INSERT INTO product_variants VALUES(118,'Kimiko','2497',19.600000000000001421,2379,'2023-03-28',57,'2021-12-27 13:33:09.080210','2021-12-27 13:33:09.080210',4,NULL);
INSERT INTO product_variants VALUES(119,'Jerald','1608',98.689999999999997726,1257,'2023-04-05',57,'2021-12-27 13:33:09.110615','2021-12-27 13:33:09.110615',4,NULL);
INSERT INTO product_variants VALUES(120,'Brandon','2076',67.65999999999999659,3030,'2022-12-07',58,'2021-12-27 13:33:09.187729','2021-12-27 13:33:09.187729',4,NULL);
INSERT INTO product_variants VALUES(128,'Spring','2288',76.310000000000002273,1819,'2022-11-18',63,'2021-12-27 13:33:09.713485','2021-12-27 13:33:09.713485',4,NULL);
INSERT INTO product_variants VALUES(129,'Tia','2273',97.510000000000005117,1098,'2022-10-15',63,'2021-12-27 13:33:09.746776','2021-12-27 13:33:09.746776',4,NULL);
INSERT INTO product_variants VALUES(130,'Susie','1033',76.069999999999993178,2634,'2023-08-26',63,'2021-12-27 13:33:09.790309','2021-12-27 13:33:09.790309',4,NULL);
INSERT INTO product_variants VALUES(133,'Cecile','1188',57.520000000000003127,2858,'2023-09-13',65,'2021-12-27 13:33:09.993401','2021-12-27 13:33:09.993401',4,NULL);
INSERT INTO product_variants VALUES(134,'Kattie','679',83.379999999999995455,2687,'2023-04-26',65,'2021-12-27 13:33:10.238155','2021-12-27 13:33:10.238155',4,NULL);
INSERT INTO product_variants VALUES(135,'Rhea','2461',8.0500000000000007105,3290,'2023-09-18',65,'2021-12-27 13:33:10.362625','2021-12-27 13:33:10.362625',4,NULL);
INSERT INTO product_variants VALUES(154,'Hilma','617',55.450000000000002841,3027,'2023-09-10',75,'2021-12-27 13:33:11.519717','2021-12-27 13:33:11.519717',4,NULL);
INSERT INTO product_variants VALUES(155,'Sherwood','860',49.549999999999997158,1046,'2023-04-13',75,'2021-12-27 13:33:11.557274','2021-12-27 13:33:11.557274',4,NULL);
INSERT INTO product_variants VALUES(156,'Glynda','2042',49.189999999999997727,1591,'2023-03-10',75,'2021-12-27 13:33:11.589856','2021-12-27 13:33:11.589856',4,NULL);
INSERT INTO product_variants VALUES(162,'Sanda','1197',97.790000000000006251,2405,'2022-11-12',79,'2021-12-27 13:33:12.256030','2021-12-27 13:33:12.256030',4,NULL);
INSERT INTO product_variants VALUES(163,'Eusebio','981',58.920000000000001703,2576,'2023-04-10',80,'2021-12-27 13:33:12.328821','2021-12-27 13:33:12.328821',4,NULL);
INSERT INTO product_variants VALUES(164,'Nam','1106',31.420000000000001705,1057,'2023-09-19',80,'2021-12-27 13:33:12.369037','2021-12-27 13:33:12.369037',4,NULL);
INSERT INTO product_variants VALUES(165,'Jewell','1411',89.129999999999995454,3285,'2022-11-09',81,'2021-12-27 13:33:12.437914','2021-12-27 13:33:12.437914',4,NULL);
INSERT INTO product_variants VALUES(178,'Angel','1048',74.920000000000001707,900,'2022-12-07',88,'2021-12-27 13:33:13.219198','2021-12-27 13:33:13.219198',4,NULL);
INSERT INTO product_variants VALUES(179,'Rubye','1318',21.019999999999999574,2366,'2023-02-01',88,'2021-12-27 13:33:13.251394','2021-12-27 13:33:13.251394',4,NULL);
INSERT INTO product_variants VALUES(180,'Lacey','2419',44.560000000000002272,3465,'2022-12-17',88,'2021-12-27 13:33:13.285213','2021-12-27 13:33:13.285213',4,NULL);
INSERT INTO product_variants VALUES(187,'Graham','873',83.409999999999996592,2114,'2023-09-06',91,'2021-12-27 13:33:13.671963','2021-12-27 13:33:13.671963',4,NULL);
INSERT INTO product_variants VALUES(195,'Heriberto','2396',18.649999999999998578,2172,'2023-03-18',95,'2021-12-27 13:33:14.166452','2021-12-27 13:33:14.166452',4,NULL);
INSERT INTO product_variants VALUES(196,'Alline','2354',54.329999999999998294,2392,'2022-12-02',95,'2021-12-27 13:33:14.206378','2021-12-27 13:33:14.206378',4,NULL);
INSERT INTO product_variants VALUES(200,'Mammie','1018',57.39000000000000057,3325,'2022-10-17',98,'2021-12-27 13:33:14.489122','2021-12-27 13:33:14.489122',4,NULL);
INSERT INTO product_variants VALUES(201,'Yan','940',43.119999999999997441,3283,'2023-04-09',98,'2021-12-27 13:33:14.526847','2021-12-27 13:33:14.526847',4,NULL);
INSERT INTO product_variants VALUES(206,'Del','961',87.859999999999999435,3122,'2023-06-05',101,'2021-12-27 13:33:14.874377','2021-12-27 13:33:14.874377',4,NULL);
INSERT INTO product_variants VALUES(208,'sony1215','500kg',784.99999999999999999,1250,NULL,1,'2021-12-30 09:07:31.161518','2021-12-30 09:07:31.540863',4,NULL);
INSERT INTO product_variants VALUES(209,'Roadster1545','150g',889.99999999999999996,4512,NULL,103,'2021-12-30 09:12:36.790217','2021-12-30 09:12:36.927485',4,NULL);
INSERT INTO product_variants VALUES(210,'Ray45','45g',14500.0,0,NULL,104,'2021-12-30 09:59:46.376304','2022-01-02 14:48:33.246448',4,NULL);
INSERT INTO product_variants VALUES(211,'Loco4512','56g',7851.9999999999999999,420,NULL,105,'2021-12-30 10:01:31.145396','2022-01-04 05:07:32.088921',4,NULL);
INSERT INTO product_variants VALUES(212,'highland546','46g',780.00000000000000001,4545,NULL,106,'2021-12-30 10:03:17.234700','2021-12-30 10:03:17.381038',4,NULL);
INSERT INTO product_variants VALUES(213,'cag56','55g',7851.9999999999999999,4512,NULL,107,'2021-12-30 10:04:48.685081','2021-12-30 10:04:48.824932',4,NULL);
INSERT INTO product_variants VALUES(214,'fasec956','26',565.0,562,NULL,108,'2021-12-30 10:06:50.069092','2021-12-30 10:06:50.188034',4,NULL);
INSERT INTO product_variants VALUES(215,'matsfd6232','104g',9855.9999999999999996,56,NULL,109,'2021-12-30 10:09:01.186648','2021-12-30 10:09:01.323668',4,NULL);
INSERT INTO product_variants VALUES(216,'libas454','78g',8744.9999999999999998,456,NULL,110,'2021-12-30 15:27:14.687852','2021-12-30 15:27:14.978026',4,NULL);
INSERT INTO product_variants VALUES(217,'jp213','78g',4519.9999999999999999,484,NULL,111,'2021-12-30 15:31:11.263598','2021-12-30 15:31:11.396320',4,NULL);
INSERT INTO product_variants VALUES(218,'anf213','32g',8520.0000000000000004,4882,NULL,112,'2021-12-30 15:33:02.587960','2021-12-30 15:33:02.716734',4,NULL);
INSERT INTO product_variants VALUES(219,'var452','78g',753.99999999999999999,546,NULL,113,'2021-12-30 15:34:50.963342','2021-12-30 15:34:51.073227',4,NULL);
INSERT INTO product_variants VALUES(220,'mit7546','456g',4572.0000000000000001,785,NULL,114,'2021-12-30 15:36:14.982489','2021-12-30 15:36:15.111934',4,NULL);
INSERT INTO product_variants VALUES(221,'sbo45','154g',2444.9999999999999999,456,NULL,115,'2021-12-30 15:37:49.060792','2021-12-30 15:37:49.190954',4,NULL);
INSERT INTO product_variants VALUES(222,'rayw45','245g',12353.999999999999999,7856,NULL,116,'2021-12-30 15:40:31.974833','2021-12-30 15:40:32.098953',4,NULL);
INSERT INTO product_variants VALUES(223,'db3243','128g',7851.9999999999999999,7854,NULL,117,'2021-12-30 17:19:06.012639','2021-12-30 17:19:06.139360',4,NULL);
INSERT INTO product_variants VALUES(224,'armani454','258g',45000.0,4582,NULL,118,'2021-12-30 17:22:58.337909','2021-12-30 17:22:58.480433',4,NULL);
INSERT INTO product_variants VALUES(225,'frenchsd465','120g',7849.9999999999999999,1235,NULL,119,'2021-12-30 17:24:36.586185','2021-12-30 17:24:36.723137',4,NULL);
INSERT INTO product_variants VALUES(226,'roadser324','350g',8542.0,265,NULL,120,'2021-12-30 17:25:56.586373','2021-12-30 17:25:56.716383',4,NULL);
INSERT INTO product_variants VALUES(227,'scudfwe23','245g',18451.999999999999999,752,NULL,121,'2021-12-30 17:28:06.238247','2021-12-30 17:28:06.369815',4,NULL);
INSERT INTO product_variants VALUES(228,'fossil3e2e','123g',4500.0,7800,NULL,122,'2021-12-30 17:32:25.220436','2021-12-30 17:32:25.353984',4,NULL);
INSERT INTO product_variants VALUES(229,'arm324e','100g',8542.0,122,NULL,123,'2021-12-30 17:35:53.209684','2021-12-30 17:39:03.290450',4,NULL);
INSERT INTO product_variants VALUES(230,'samsung32r3','708g',20999.0,785,NULL,124,'2021-12-30 17:52:45.360784','2021-12-30 17:56:47.767656',4,NULL);
INSERT INTO product_variants VALUES(231,'oppo1546','785g',21490.0,752,NULL,125,'2021-12-30 18:02:08.411345','2021-12-30 18:02:08.548871',4,NULL);
INSERT INTO product_variants VALUES(232,'12 Mini (128GB) - Blue','985g',64999.000000000000001,514,NULL,126,'2021-12-30 18:03:30.174673','2021-12-30 18:24:09.601927',4,NULL);
INSERT INTO product_variants VALUES(233,'Redmi Note10 Pro Max (Vintage Bronze, 8GB RAM, 128GB Storage) -108MP Quad Camera|120Hz Super Amoled Display | NCEMI Upto 6 Months','755g',21998.999999999999999,514,NULL,127,'2021-12-30 18:05:20.479398','2021-12-30 18:25:18.717990',4,NULL);
INSERT INTO product_variants VALUES(234,'Samsung Galaxy S20 FE 5G (Cloud Navy, 8GB RAM, 128GB Storage)','852g',47998.999999999999999,785,NULL,128,'2021-12-30 18:07:12.929557','2021-12-30 18:26:36.374093',4,NULL);
INSERT INTO product_variants VALUES(235,'Mi 9 (Sky Blue, 4GB RAM, 64GB Storage)| 5000 mAh| 2.3GHz Mediatek Helio G35 Octa core Processor','852g',8790.9999999999999999,452,NULL,129,'2021-12-30 18:08:55.670779','2021-12-30 18:27:48.745687',4,NULL);
INSERT INTO product_variants VALUES(236,'samglaxym11','1152g',8998.9999999999999999,750,NULL,130,'2021-12-30 18:10:39.106206','2021-12-30 18:10:39.235844',4,NULL);
INSERT INTO product_variants VALUES(237,'minote9','952g',10998.999999999999999,824,NULL,131,'2021-12-30 18:12:12.989273','2021-12-30 18:12:13.118290',4,NULL);
INSERT INTO product_variants VALUES(238,'32fw','caw',451.99999999999999999,545,NULL,132,'2021-12-31 07:51:32.220670','2021-12-31 07:53:39.560325',8,'2021-12-31 07:53:39.559821');
INSERT INTO product_variants VALUES(239,'fase3e','66',61.999999999999999998,23,NULL,133,'2022-01-04 07:26:07.106045','2022-01-04 07:37:33.979969',12,'2022-01-04 07:37:33.979483');
INSERT INTO product_variants VALUES(240,'asfef','556',54.0,48465,NULL,133,'2022-01-04 07:26:27.395104','2022-01-04 07:37:33.998759',12,'2022-01-04 07:37:33.998438');
INSERT INTO product_variants VALUES(241,'vgjvh','vghvb153',451.99999999999999999,4654,NULL,109,'2022-01-04 07:26:53.333626','2022-01-04 07:37:34.017062',12,'2022-01-04 07:37:34.016717');
INSERT INTO product_variants VALUES(242,'chgd5','453',451.99999999999999999,452,NULL,134,'2022-01-04 07:42:01.738826','2022-01-04 07:44:56.505014',13,'2022-01-04 07:44:56.504544');
DELETE FROM sqlite_sequence;
INSERT INTO sqlite_sequence VALUES('notification_belongs',34635);
INSERT INTO sqlite_sequence VALUES('active_storage_blobs',265);
INSERT INTO sqlite_sequence VALUES('active_storage_attachments',265);
INSERT INTO sqlite_sequence VALUES('categories',8);
INSERT INTO sqlite_sequence VALUES('wishlists',59);
INSERT INTO sqlite_sequence VALUES('product_views',27);
CREATE INDEX "index_notification_belongs_on_user_id" ON "notification_belongs" ("user_id");
CREATE INDEX "index_notification_belongs_on_notification_id" ON "notification_belongs" ("notification_id");
CREATE UNIQUE INDEX "index_active_storage_blobs_on_key" ON "active_storage_blobs" ("key");
CREATE INDEX "index_active_storage_attachments_on_blob_id" ON "active_storage_attachments" ("blob_id");
CREATE UNIQUE INDEX "index_active_storage_attachments_uniqueness" ON "active_storage_attachments" ("record_type", "record_id", "name", "blob_id");
CREATE UNIQUE INDEX "index_active_storage_variant_records_uniqueness" ON "active_storage_variant_records" ("blob_id", "variation_digest");
CREATE INDEX "index_wishlists_on_user_id" ON "wishlists" ("user_id");
CREATE INDEX "index_wishlists_on_product_variant_id" ON "wishlists" ("product_variant_id");
CREATE INDEX "index_notifications_on_notification_of" ON "notifications" ("notifiable_type", "notifiable_id");
CREATE INDEX "index_orders_on_ordered" ON "orders" ("orderable_type", "orderable_id");
CREATE INDEX "index_orders_on_user_id" ON "orders" ("user_id");
CREATE INDEX "index_products_on_user_id" ON "products" ("user_id");
CREATE INDEX "index_products_on_category_id" ON "products" ("category_id");
CREATE UNIQUE INDEX "index_users_on_email" ON "users" ("email");
CREATE UNIQUE INDEX "index_users_on_reset_password_token" ON "users" ("reset_password_token");
CREATE INDEX "index_users_on_discarded_at" ON "users" ("discarded_at");
CREATE INDEX "index_products_on_discarded_at" ON "products" ("discarded_at");
CREATE INDEX "index_categories_on_discarded_at" ON "categories" ("discarded_at");
CREATE INDEX "index_product_views_on_viewable" ON "product_views" ("viewable_type", "viewable_id");
CREATE INDEX "index_product_services_on_category_id" ON "product_services" ("category_id");
CREATE INDEX "index_product_services_on_user_id" ON "product_services" ("user_id");
CREATE INDEX "index_product_services_on_discarded_at" ON "product_services" ("discarded_at");
CREATE INDEX "index_product_variants_on_product_id" ON "product_variants" ("product_id");
CREATE INDEX "index_product_variants_on_user_id" ON "product_variants" ("user_id");
CREATE INDEX "index_product_variants_on_discarded_at" ON "product_variants" ("discarded_at");
COMMIT;
